Concentration,Temperature (Â°C),Response Time,Response Value
74.91,100.0,52.34,4.52
190.14,100.12,49.4,6.95
146.4,100.24,181.25,7.55
119.73,100.36,49.91,5.86
31.2,100.48,54.39,4.29
31.2,100.6,151.88,5.42
11.62,100.72,89.95,4.56
173.24,100.84,155.34,8.6
120.22,100.96,13.07,6.27
141.61,101.08,97.51,7.69
4.12,101.2,6.72,4.18
193.98,101.32,12.53,8.19
166.49,101.44,181.29,9.47
42.47,101.56,27.85,5.61
36.36,101.68,106.48,6.42
36.68,101.8,82.22,6.33
60.85,101.92,69.47,6.83
104.95,102.04,179.97,8.97
86.39,102.16,4.36,6.98
58.25,102.28,132.76,7.85
122.37,102.4,192.68,9.88
27.9,102.52,112.03,7.32
58.43,102.64,187.36,8.83
73.27,102.76,10.45,7.5
91.21,102.88,83.76,8.73
157.04,103.0,52.03,9.87
39.93,103.12,146.16,8.61
102.85,103.24,196.26,10.51
118.48,103.36,51.31,9.51
9.29,103.48,130.83,8.26
121.51,103.6,39.62,9.73
34.1,103.72,113.07,8.85
13.01,103.84,92.79,8.37
189.78,103.96,194.4,13.05
193.13,104.08,121.71,12.53
161.68,104.2,69.9,11.52
60.92,104.32,22.82,9.16
19.53,104.44,30.25,8.54
136.85,104.56,45.06,11.17
88.03,104.68,50.19,10.38
24.41,104.8,170.12,10.44
99.04,104.92,112.24,11.48
6.88,105.04,104.68,9.69
181.86,105.16,22.95,12.5
51.76,105.28,172.03,11.52
132.5,105.4,144.56,12.99
62.34,105.52,13.53,10.4
104.01,105.64,141.57,12.64
109.34,105.76,108.71,12.55
36.97,105.88,16.35,10.3
193.92,106.0,91.66,14.32
155.03,106.12,96.94,13.72
187.9,106.24,33.15,13.86
178.97,106.36,189.14,15.37
119.58,106.48,170.0,14.11
184.37,106.6,133.8,15.17
17.7,106.72,92.46,11.54
39.2,106.84,82.35,11.99
9.05,106.96,130.19,11.99
65.07,107.08,109.09,13.02
77.74,107.2,12.45,12.42
54.27,107.32,102.5,12.97
165.75,107.44,161.28,15.91
71.35,107.56,91.85,13.44
56.19,107.68,10.39,12.44
108.54,107.8,157.26,15.07
28.18,107.92,40.27,12.41
160.44,108.04,51.72,15.29
14.91,108.16,32.94,12.3
197.38,108.28,66.04,16.4
154.45,108.4,151.35,16.51
39.74,108.52,103.88,13.85
1.1,108.64,40.98,12.56
163.09,108.76,175.57,17.26
141.37,108.88,175.92,16.94
145.8,109.0,174.12,17.12
154.25,109.12,47.76,16.14
14.81,109.24,90.25,13.88
71.69,109.36,197.0,16.2
23.17,109.48,154.4,14.91
172.62,109.6,5.43,16.51
124.66,109.72,13.04,15.74
66.18,109.84,92.79,15.47
12.71,109.96,181.84,15.4
62.2,110.09,107.74,15.75
65.04,110.21,99.56,15.83
145.92,110.33,21.09,16.77
127.51,110.45,131.36,17.61
177.44,110.57,164.42,19.04
94.44,110.69,76.08,16.6
23.92,110.81,155.12,16.08
142.65,110.93,192.9,18.94
152.16,111.05,40.75,17.71
112.26,111.17,104.67,17.65
154.19,111.29,57.43,18.12
98.76,111.41,158.57,18.12
104.55,111.53,115.52,17.9
85.51,111.65,126.92,17.73
5.08,111.77,159.58,16.55
21.58,111.89,79.19,16.17
6.29,112.01,183.02,17.0
127.28,112.13,106.61,18.75
62.87,112.25,31.59,16.81
101.71,112.37,139.18,18.76
181.51,112.49,158.65,20.65
49.86,112.61,63.35,17.15
82.08,112.73,171.44,18.97
151.11,112.85,181.23,20.54
45.76,112.97,55.38,17.27
15.4,113.09,196.7,18.17
57.95,113.21,28.14,17.43
32.24,113.33,40.4,17.13
185.94,113.45,36.84,20.25
161.62,113.57,178.8,21.28
126.68,113.69,130.86,20.19
174.29,113.81,30.42,20.23
160.73,113.93,88.06,20.62
37.31,114.05,123.06,18.59
178.51,114.17,16.69,20.44
107.87,114.29,176.48,20.71
161.49,114.41,160.72,21.71
179.22,114.53,101.04,21.55
63.6,114.65,193.43,20.25
22.01,114.77,83.55,18.4
45.59,114.89,196.82,20.09
85.42,115.01,133.58,20.34
163.6,115.13,126.93,21.92
172.15,115.25,33.19,21.24
1.39,115.37,176.39,19.34
102.15,115.49,85.5,20.53
83.48,115.61,32.45,19.7
44.42,115.73,2.52,18.7
23.97,115.85,111.95,19.47
67.52,115.97,105.48,20.35
188.58,116.09,143.87,23.24
64.64,116.21,178.05,21.18
103.76,116.33,15.88,20.42
140.6,116.45,146.3,22.54
72.73,116.57,37.48,20.17
194.36,116.69,171.64,24.02
192.49,116.81,163.81,23.98
50.36,116.93,108.16,20.66
99.45,117.05,142.05,22.06
60.18,117.17,62.87,20.55
56.97,117.29,94.23,20.88
7.38,117.41,164.33,20.66
121.91,117.53,91.85,22.3
100.54,117.65,71.56,21.74
10.3,117.77,98.84,20.28
55.73,117.89,165.65,21.93
181.65,118.01,67.04,23.54
47.91,118.13,34.75,20.61
28.98,118.25,142.4,21.38
97.89,118.37,165.2,23.06
197.13,118.49,20.13,23.66
48.41,118.61,47.97,21.03
134.43,118.73,28.39,22.63
152.32,118.85,69.59,23.47
47.53,118.97,90.07,21.64
145.64,119.09,149.77,24.27
73.56,119.21,130.23,22.7
126.46,119.33,124.19,23.76
126.71,119.45,70.47,23.3
107.15,119.57,168.29,23.95
18.06,119.69,94.26,21.49
167.06,119.81,195.82,25.55
64.16,119.93,126.83,22.87
37.3,120.05,25.25,21.38
8.16,120.17,135.24,21.96
118.18,120.29,65.02,23.52
135.51,120.41,137.27,24.66
3.32,120.53,13.93,20.84
102.42,120.65,34.98,23.1
45.3,120.77,171.15,23.38
129.03,120.89,45.44,23.85
34.87,121.01,167.41,23.25
138.19,121.13,55.86,24.26
77.35,121.25,128.58,23.83
187.35,121.37,138.83,26.19
27.5,121.49,102.53,22.69
68.21,121.61,61.06,23.15
22.69,121.73,42.53,22.11
184.94,121.85,6.64,25.06
175.47,121.97,60.79,25.47
51.59,122.09,130.63,23.74
132.0,122.21,187.66,25.98
163.44,122.33,174.24,26.53
111.04,122.45,153.21,25.33
105.93,122.57,157.69,25.32
48.37,122.69,133.0,23.98
18.62,122.81,52.06,22.63
179.44,122.93,181.44,27.19
180.08,123.05,134.15,26.79
126.62,123.17,112.09,25.55
67.81,123.29,22.2,23.53
69.84,123.41,89.41,24.29
145.19,123.53,92.07,25.88
179.42,123.65,172.91,27.42
177.42,123.77,109.33,26.8
155.98,123.89,76.08,26.09
128.41,124.01,195.36,26.78
16.83,124.13,22.14,22.86
32.33,124.25,84.51,23.85
179.71,124.37,8.4,26.08
121.29,124.49,147.98,26.36
1.84,124.61,183.62,24.37
20.29,124.73,56.01,23.51
132.7,124.85,171.67,26.97
1.01,124.97,58.44,23.25
32.16,125.09,182.15,25.15
109.75,125.21,150.79,26.44
138.38,125.33,160.98,27.16
130.39,125.45,3.6,25.47
44.85,125.57,192.56,25.69
142.44,125.69,145.33,27.22
47.45,125.81,60.95,24.52
65.08,125.93,165.88,25.96
149.3,126.05,56.3,26.6
129.93,126.17,174.55,27.43
169.84,126.29,22.52,26.76
131.52,126.41,140.74,27.21
113.66,126.53,108.14,26.57
18.73,126.65,19.31,23.83
73.54,126.77,48.38,25.26
53.04,126.89,2.48,24.43
48.8,127.01,93.75,25.3
194.6,127.13,60.25,27.92
78.62,127.25,119.67,26.23
178.41,127.37,59.45,27.66
126.23,127.49,59.98,26.67
158.96,127.61,148.64,28.25
100.53,127.73,9.63,25.72
115.38,127.85,180.58,27.77
98.5,127.97,170.45,27.37
39.05,128.09,133.56,25.85
144.49,128.21,118.64,27.84
56.15,128.33,178.46,26.71
4.86,128.45,37.07,24.31
129.09,128.57,15.79,26.62
35.42,128.69,47.9,25.1
188.09,128.81,158.92,29.3
190.79,128.93,6.93,27.87
182.97,129.05,116.56,28.84
74.03,129.17,199.09,27.52
3.09,129.29,171.14,25.86
185.66,129.41,104.29,28.87
85.64,129.53,12.73,25.99
193.33,129.65,166.27,29.71
192.72,129.77,119.8,29.27
170.6,129.89,22.99,27.89
58.89,130.02,18.77,25.65
77.02,130.14,181.93,27.67
170.23,130.26,133.84,29.09
63.38,130.38,165.86,27.3
33.9,130.5,175.8,26.84
111.36,130.62,114.35,27.81
187.23,130.74,103.49,29.24
139.21,130.86,86.09,28.14
114.01,130.98,63.39,27.44
19.44,131.1,86.92,25.81
123.0,131.22,154.78,28.59
198.01,131.34,120.38,29.77
28.02,131.46,178.5,26.98
103.67,131.58,88.68,27.62
175.47,131.7,121.42,29.42
148.15,131.82,126.26,28.94
139.4,131.94,118.34,28.72
140.5,132.06,140.53,28.99
71.9,132.18,47.49,26.71
58.72,132.3,102.47,27.02
161.87,132.42,20.84,28.3
162.02,132.54,76.9,28.88
173.41,132.66,97.53,29.34
182.65,132.78,130.44,29.88
102.27,132.9,190.11,28.89
100.3,133.02,120.13,28.18
159.66,133.14,148.72,29.68
129.99,133.26,101.25,28.63
140.39,133.38,126.82,29.12
159.16,133.5,14.19,28.39
178.0,133.62,50.88,29.16
67.6,133.74,72.37,27.19
75.12,133.86,94.5,27.58
18.8,133.98,9.13,25.62
115.66,134.1,28.0,27.77
7.19,134.22,55.36,25.89
93.12,134.34,194.31,29.02
108.53,134.46,66.27,28.07
57.31,134.58,96.41,27.37
118.17,134.7,39.22,28.03
6.1,134.82,122.16,26.64
7.47,134.94,56.14,26.03
164.52,135.06,41.4,29.04
72.04,135.18,103.31,27.83
25.41,135.3,1.1,25.89
104.45,135.42,1.53,27.49
154.0,135.54,43.81,28.93
43.16,135.66,7.34,26.36
124.58,135.78,21.61,28.15
17.07,135.9,67.77,26.48
10.34,136.02,160.52,27.29
106.27,136.14,114.41,28.76
108.13,136.26,102.53,28.7
127.49,136.38,58.7,28.66
145.22,136.5,186.35,30.31
195.17,136.62,79.4,30.26
103.26,136.74,17.42,27.81
64.59,136.86,123.41,28.11
159.04,136.98,22.77,29.01
54.17,137.1,69.04,27.39
87.79,137.22,101.48,28.4
15.69,137.34,174.84,27.71
5.07,137.46,98.71,26.75
192.53,137.58,140.45,30.93
167.2,137.7,198.56,31.02
139.19,137.82,26.3,28.75
81.79,137.94,54.95,27.9
34.66,138.06,78.92,27.21
31.29,138.18,84.37,27.21
50.05,138.3,82.2,27.57
109.85,138.42,181.52,29.77
142.92,138.54,142.81,30.06
132.04,138.66,121.58,29.64
55.99,138.78,61.87,27.54
190.97,138.9,164.76,31.27
147.58,139.02,191.01,30.68
110.87,139.14,164.24,29.69
122.34,139.26,0.31,28.29
83.92,139.38,127.28,28.8
49.55,139.5,10.23,26.95
71.19,139.62,51.52,27.81
151.57,139.74,11.9,29.03
2.88,139.86,120.76,27.15
23.21,139.98,137.32,27.73
9.2,140.1,22.9,26.32
8.15,140.22,76.77,26.84
171.09,140.34,91.25,30.26
140.73,140.46,73.81,29.48
94.83,140.58,24.21,28.08
19.57,140.7,83.79,27.17
98.32,140.82,150.24,29.42
94.69,140.94,14.2,28.0
34.64,141.06,16.04,26.82
86.77,141.18,70.95,28.42
79.7,141.3,188.35,29.46
123.17,141.42,133.71,29.79
127.02,141.54,135.73,29.89
9.06,141.66,72.38,26.9
74.92,141.78,118.73,28.69
125.17,141.9,2.03,28.53
100.63,142.02,127.22,29.3
171.3,142.14,182.66,31.27
131.74,142.26,122.51,29.89
32.59,142.38,174.74,28.43
14.11,142.5,144.79,27.77
128.48,142.62,24.11,28.85
5.3,142.74,180.49,27.95
117.16,142.86,13.29,28.52
188.05,142.98,106.79,30.88
115.09,143.1,28.43,28.64
77.63,143.22,2.34,27.63
128.66,143.34,84.41,29.48
91.65,143.46,59.01,28.49
109.12,143.58,97.2,29.22
188.29,143.7,115.44,30.99
77.22,143.82,8.75,27.71
192.24,143.94,24.6,30.17
181.07,144.06,111.73,30.82
39.16,144.18,68.63,27.55
13.87,144.3,145.83,27.82
20.16,144.42,130.46,27.79
3.64,144.54,169.12,27.85
18.89,144.66,138.5,27.85
136.6,144.78,85.99,29.68
14.24,144.9,134.59,27.72
63.8,145.02,55.08,27.92
168.98,145.14,61.26,30.08
4.65,145.26,157.8,27.76
162.89,145.38,89.28,30.24
56.37,145.5,159.68,28.82
23.63,145.62,164.48,28.21
139.35,145.74,171.51,30.59
125.79,145.86,183.33,30.44
175.49,145.98,86.2,30.46
147.01,146.1,63.77,29.67
160.7,146.22,116.44,30.47
56.41,146.34,74.23,27.96
35.49,146.46,120.21,28.0
150.12,146.58,141.12,30.5
161.37,146.7,137.68,30.69
198.1,146.82,74.91,30.8
82.52,146.94,33.37,28.07
74.4,147.06,86.11,28.43
155.28,147.18,28.52,29.47
68.16,147.3,178.02,29.22
186.15,147.42,69.18,30.49
171.68,147.54,30.89,29.82
85.8,147.66,5.09,27.84
150.17,147.78,129.16,30.36
150.91,147.9,127.38,30.36
20.62,148.02,68.12,27.16
180.51,148.14,14.34,29.81
101.05,148.26,81.93,28.9
165.29,148.38,62.24,29.98
64.01,148.5,135.42,28.69
179.1,148.62,121.16,30.84
77.84,148.74,72.92,28.33
2.17,148.86,43.58,26.52
181.08,148.98,197.61,31.63
18.26,149.1,90.8,27.31
63.86,149.22,137.65,28.68
190.01,149.34,28.11,30.11
190.12,149.46,97.12,30.79
114.69,149.58,5.51,28.36
126.37,149.7,101.09,29.55
89.69,149.82,192.8,29.73
58.64,149.94,76.84,27.94
65.73,150.07,7.8,27.39
134.5,150.19,6.19,28.74
150.47,150.31,77.6,29.77
158.32,150.43,32.0,29.47
157.92,150.55,4.67,29.18
18.24,150.67,151.24,27.85
98.88,150.79,91.7,28.86
11.51,150.91,57.85,26.77
109.91,151.03,180.02,29.95
88.31,151.15,23.23,27.95
177.54,151.27,191.18,31.41
70.18,151.39,62.79,27.97
23.41,151.51,177.68,28.18
28.6,151.63,120.59,27.7
152.3,151.75,165.34,30.62
123.64,151.87,196.8,30.35
20.22,151.99,57.68,26.89
16.82,152.11,192.23,28.16
140.19,152.23,77.9,29.48
14.55,152.35,77.1,26.95
164.37,152.47,68.08,29.85
141.25,152.59,108.28,29.78
16.27,152.71,30.83,26.5
16.97,152.83,110.74,27.31
197.33,152.95,108.34,30.88
74.85,153.07,152.38,28.87
74.13,153.19,166.73,28.99
162.56,153.31,88.09,29.97
189.45,153.43,60.47,30.22
197.2,153.55,51.87,30.28
150.68,153.67,38.92,29.21
75.25,153.79,11.53,27.42
16.7,153.91,68.49,26.82
155.43,154.03,54.05,29.44
111.68,154.15,193.28,29.95
84.84,154.27,111.54,28.59
181.27,154.39,69.46,30.09
22.24,154.51,116.09,27.36
98.53,154.63,27.84,28.0
2.27,154.75,88.81,26.68
93.73,154.87,125.25,28.86
11.26,154.99,97.78,26.93
23.76,155.11,80.36,27.0
23.51,155.23,198.77,28.17
129.84,155.35,176.06,30.06
149.21,155.47,124.68,29.93
116.67,155.59,113.88,29.16
192.43,155.71,124.13,30.77
74.97,155.83,40.26,27.57
57.14,155.95,79.03,27.59
173.72,156.07,7.89,29.21
44.72,156.19,95.11,27.49
192.64,156.31,108.6,30.57
2.43,156.43,45.55,26.13
193.98,156.55,192.81,31.43
8.63,156.67,181.89,27.6
178.23,156.79,144.43,30.61
105.54,156.91,106.68,28.77
198.59,157.03,173.99,31.3
14.76,157.15,26.13,26.13
110.77,157.27,158.1,29.36
193.86,157.39,24.96,29.68
104.62,157.51,158.84,29.23
125.88,157.63,55.15,28.61
139.15,157.75,175.42,30.07
90.91,157.87,188.81,29.23
125.51,157.99,29.76,28.32
116.86,158.11,92.54,28.77
180.23,158.23,196.2,31.06
9.09,158.35,96.68,26.64
56.19,158.47,172.71,28.33
190.08,158.59,117.75,30.45
178.05,158.71,75.07,29.77
91.13,158.83,57.16,27.85
124.03,158.95,40.64,28.33
55.48,159.07,152.36,28.07
37.62,159.19,77.31,26.95
92.74,159.31,102.26,28.29
70.67,159.43,98.47,27.8
116.73,159.55,115.46,28.89
15.55,159.67,173.12,27.43
194.88,159.79,196.15,31.24
197.24,159.91,81.52,30.13
139.63,160.03,165.5,29.81
107.22,160.15,152.91,29.03
61.91,160.27,114.71,27.73
162.76,160.39,191.21,30.5
136.95,160.51,40.09,28.47
32.52,160.63,21.85,26.19
182.19,160.75,170.79,30.66
164.51,160.87,87.83,29.47
189.96,160.99,169.39,30.78
145.14,161.11,178.62,29.97
122.68,161.23,12.49,27.85
83.65,161.35,176.69,28.7
186.55,161.47,89.66,29.88
173.21,161.59,102.09,29.73
9.04,161.71,125.32,26.67
5.27,161.83,185.28,27.19
75.29,161.95,3.82,26.76
162.11,162.07,95.37,29.41
197.46,162.19,137.54,30.53
30.08,162.31,144.54,27.24
118.83,162.43,138.51,28.95
76.18,162.55,26.89,26.97
193.98,162.67,59.88,29.65
168.42,162.79,71.74,29.25
167.67,162.91,160.89,30.11
93.74,163.03,55.75,27.58
82.96,163.15,42.14,27.22
54.68,163.27,191.49,28.14
11.28,163.39,1.77,25.36
172.94,163.51,199.56,30.57
162.58,163.63,135.36,29.71
199.94,163.75,165.69,30.75
199.33,163.87,58.92,29.66
111.09,163.99,2.86,27.33
153.8,164.11,147.57,29.62
188.95,164.23,166.83,30.51
169.93,164.35,148.1,29.93
49.47,164.47,28.57,26.32
90.11,164.59,150.69,28.35
25.83,164.71,153.78,27.09
190.81,164.83,131.71,30.16
121.23,164.95,153.22,28.97
45.73,165.07,169.18,27.62
134.34,165.19,122.72,28.92
123.63,165.31,17.72,27.64
71.63,165.43,97.53,27.39
22.71,165.55,15.53,25.59
134.31,165.67,81.51,28.47
104.06,165.79,81.42,27.86
154.46,165.91,13.2,28.18
104.03,166.03,69.76,27.73
170.44,166.15,22.2,28.58
110.38,166.27,161.65,28.76
112.19,166.39,189.54,29.07
175.33,166.51,14.46,28.58
80.7,166.63,191.02,28.44
26.8,166.75,104.52,26.49
5.76,166.87,59.91,25.62
151.03,166.99,15.37,28.07
124.06,167.11,100.12,28.37
140.82,167.23,158.9,29.29
42.59,167.35,141.42,27.15
27.27,167.47,10.05,25.52
2.91,167.59,14.58,25.07
70.12,167.71,80.57,27.07
117.98,167.83,59.06,27.81
78.45,167.95,46.48,26.88
87.49,168.07,56.2,27.16
180.83,168.19,160.7,30.06
69.65,168.31,185.85,28.09
102.8,168.43,81.02,27.7
156.73,168.55,181.22,29.77
79.31,168.67,64.3,27.05
124.42,168.79,95.29,28.26
172.47,168.91,45.21,28.71
189.9,169.03,128.1,29.88
29.41,169.15,195.8,27.35
185.32,169.27,120.7,29.71
98.42,169.39,71.56,27.48
51.65,169.51,129.56,27.12
91.83,169.63,24.58,26.87
196.01,169.75,177.73,30.48
98.52,169.87,100.62,27.75
65.75,169.99,89.87,26.98
126.68,170.12,117.17,28.47
48.03,170.24,124.96,26.97
15.17,170.36,14.36,25.21
25.78,170.48,136.52,26.64
25.61,170.6,48.39,25.75
30.38,170.72,142.79,26.79
27.77,170.84,164.51,26.95
128.17,170.96,160.79,28.92
36.38,171.08,110.5,26.57
69.13,171.2,104.03,27.16
179.36,171.32,28.58,28.61
94.79,171.44,155.07,28.18
133.51,171.56,54.28,27.95
34.46,171.68,99.34,26.41
38.46,171.8,56.85,26.07
8.17,171.92,26.77,25.16
33.79,172.04,125.91,26.66
55.72,172.16,10.87,25.95
35.4,172.28,149.73,26.93
17.74,172.4,63.52,25.71
24.13,172.52,0.03,25.2
92.16,172.64,102.23,27.58
41.27,172.76,9.37,25.64
72.85,172.88,55.23,26.73
100.68,173.0,141.4,28.15
138.08,173.12,12.54,27.6
7.86,173.24,167.87,26.55
159.88,173.36,0.76,27.92
125.58,173.48,49.36,27.72
16.35,173.6,148.18,26.53
174.72,173.72,63.25,28.85
184.17,173.84,20.38,28.61
12.22,173.96,72.05,25.68
55.38,174.08,54.08,26.37
161.24,174.2,168.54,29.63
149.65,174.32,62.67,28.34
36.9,174.44,157.79,27.04
41.87,174.56,178.37,27.35
74.09,174.68,86.76,27.08
96.9,174.8,181.99,28.49
123.65,174.92,75.46,27.96
73.78,175.04,192.82,28.14
92.51,175.16,17.86,26.77
149.49,175.28,137.4,29.1
7.34,175.4,98.76,25.88
50.49,175.52,77.53,26.53
142.67,175.64,126.54,28.87
179.04,175.76,140.77,29.74
102.34,175.88,0.87,26.81
106.42,176.0,33.39,27.22
21.43,176.12,142.61,26.62
89.48,176.24,133.28,27.89
106.52,176.36,193.21,28.83
48.49,176.48,152.21,27.27
53.85,176.6,190.15,27.76
75.46,176.72,140.51,27.7
4.01,176.84,59.61,25.47
64.42,176.96,21.07,26.3
42.29,177.08,156.36,27.21
65.5,177.2,128.83,27.41
23.95,177.32,9.64,25.39
178.11,177.44,72.01,29.1
118.72,177.56,191.36,29.11
135.82,177.68,100.08,28.55
157.83,177.8,86.55,28.86
99.69,177.92,91.54,27.76
17.38,178.04,41.78,25.62
107.42,178.16,73.74,27.75
117.37,178.28,73.96,27.96
149.09,178.4,10.47,27.96
86.33,178.52,153.51,28.15
25.52,178.64,83.3,26.24
56.76,178.76,164.44,27.68
72.62,178.88,170.07,28.06
129.18,179.0,42.4,27.93
114.16,179.12,131.47,28.52
71.22,179.24,94.46,27.31
197.3,179.36,176.03,30.65
121.15,179.48,43.15,27.81
47.45,179.6,135.56,27.27
20.36,179.72,121.55,26.6
30.57,179.84,59.06,26.19
49.19,179.96,27.32,26.25
32.14,180.08,130.33,26.95
37.31,180.2,147.72,27.24
57.02,180.32,63.13,26.8
34.67,180.44,128.97,27.02
179.35,180.56,79.03,29.43
16.05,180.68,142.64,26.81
104.9,180.8,39.84,27.57
82.08,180.92,178.04,28.51
196.48,181.04,57.48,29.61
22.41,181.16,73.56,26.3
79.57,181.28,11.62,26.84
193.89,181.4,22.3,29.24
173.1,181.52,103.17,29.65
163.41,181.64,53.52,28.97
51.58,181.76,167.1,27.89
34.18,181.88,2.94,25.91
133.73,182.0,75.82,28.64
185.88,182.12,67.47,29.62
111.35,182.24,3.87,27.51
114.32,182.36,24.87,27.79
56.0,182.48,82.73,27.22
153.9,182.6,98.57,29.35
37.41,182.72,80.86,26.86
64.74,182.84,106.19,27.67
85.09,182.96,119.03,28.23
101.52,183.08,1.98,27.4
48.48,183.2,92.82,27.26
22.97,183.32,192.7,27.77
122.12,183.44,103.81,28.88
57.73,183.56,135.51,27.93
116.25,183.68,62.37,28.38
30.87,183.8,154.8,27.62
96.23,183.92,154.58,28.94
106.52,184.04,104.26,28.66
10.36,184.16,195.2,27.66
67.32,184.28,25.11,27.12
26.88,184.4,3.39,26.11
12.67,184.52,154.03,27.35
197.99,184.64,161.43,31.15
64.47,184.76,24.04,27.13
161.97,184.88,53.12,29.39
50.93,185.0,3.51,26.69
136.3,185.12,58.66,28.97
152.05,185.24,154.63,30.26
119.13,185.36,103.59,29.11
94.32,185.48,69.62,28.3
82.37,185.6,74.35,28.12
69.77,185.72,0.27,27.15
185.91,185.84,59.96,30.09
166.12,185.96,129.29,30.41
193.01,186.08,194.84,31.62
24.86,186.2,169.41,28.03
146.17,186.32,4.72,28.83
187.67,186.44,179.71,31.43
36.25,186.56,156.64,28.19
13.3,186.68,156.08,27.75
148.22,186.8,91.6,29.82
114.89,186.92,79.6,29.06
168.37,187.04,60.58,29.96
27.95,187.16,13.14,26.7
159.05,187.28,45.65,29.67
40.33,187.4,49.32,27.35
32.73,187.52,96.82,27.7
32.85,187.64,149.49,28.25
162.91,187.76,94.76,30.33
133.04,187.88,11.57,28.92
104.61,188.0,191.56,30.17
71.77,188.12,188.54,29.51
175.44,188.24,157.04,31.29
78.49,188.36,198.27,29.79
163.32,188.48,108.9,30.62
87.83,188.6,192.55,29.97
75.39,188.72,15.12,27.97
92.54,188.84,73.14,28.91
60.28,188.96,45.08,28.01
149.52,189.08,39.17,29.76
100.54,189.2,28.16,28.7
46.44,189.32,124.48,28.6
179.91,189.44,156.26,31.61
76.78,189.56,115.66,29.17
108.71,189.68,29.39,28.97
181.29,189.8,162.22,31.78
124.85,189.92,127.19,30.32
23.38,190.05,77.63,27.82
187.97,190.17,134.83,31.71
125.54,190.29,51.98,29.66
66.98,190.41,69.04,28.69
27.85,190.53,183.5,29.07
158.81,190.65,58.1,30.46
124.01,190.77,94.0,30.15
106.69,190.89,178.03,30.67
178.78,191.01,141.54,31.78
157.72,191.13,12.44,30.09
30.33,191.25,29.46,27.74
62.34,191.37,1.57,28.13
49.7,191.49,126.18,29.15
148.79,191.61,89.53,30.79
6.71,191.73,26.85,27.35
113.98,191.85,191.59,31.17
152.49,191.97,105.93,31.11
175.35,192.09,48.38,31.02
68.42,192.21,100.12,29.42
164.25,192.33,135.92,31.72
22.13,192.45,15.25,27.7
169.29,192.57,54.94,31.07
25.5,192.69,161.39,29.29
79.46,192.81,91.93,29.7
159.46,192.93,109.32,31.5
29.98,193.05,86.56,28.71
45.85,193.17,8.78,28.28
144.45,193.29,33.15,30.52
144.01,193.41,89.11,31.1
128.23,193.53,41.84,30.34
138.79,193.65,10.0,30.26
108.54,193.77,168.73,31.27
50.36,193.89,196.24,30.41
69.14,194.01,158.63,30.44
36.32,194.13,170.76,29.93
181.69,194.25,48.4,31.65
116.68,194.37,192.13,31.81
80.17,194.49,39.39,29.58
92.4,194.61,190.29,31.36
189.46,194.73,198.96,33.42
30.67,194.85,142.34,29.71
117.25,194.97,196.23,32.01
101.18,195.09,113.91,30.89
122.29,195.21,51.91,30.72
3.62,195.33,87.4,28.73
174.42,195.45,118.71,32.49
186.42,195.57,14.62,31.72
113.03,195.69,124.47,31.38
139.33,195.81,196.24,32.65
184.5,195.93,38.02,32.0
141.45,196.05,158.52,32.38
30.51,196.17,181.58,30.42
115.26,196.29,188.74,32.21
121.34,196.41,192.03,32.4
84.83,196.53,104.29,30.82
147.29,196.65,195.46,33.01
186.87,196.77,151.46,33.39
185.11,196.89,32.33,32.2
90.17,197.01,95.38,30.96
22.65,197.13,143.67,30.12
196.97,197.25,49.47,32.69
167.78,197.37,128.12,32.93
24.93,197.49,133.32,30.15
184.17,197.61,32.54,32.36
173.98,197.73,113.02,32.99
103.77,197.85,154.33,32.03
118.26,197.97,99.78,31.8
79.8,198.09,2.42,30.09
10.95,198.21,1.81,28.74
67.04,198.33,71.41,30.58
160.57,198.45,185.24,33.62
0.93,198.57,45.74,29.06
66.7,198.69,126.87,31.22
79.63,198.81,44.42,30.69
107.48,198.93,64.33,31.47
183.97,199.05,169.61,34.08
69.27,199.17,145.77,31.58
69.39,199.29,19.08,30.35
147.5,199.41,85.74,32.61
90.44,199.53,5.83,30.7
44.92,199.65,96.18,30.72
90.49,199.77,132.49,32.03
28.17,199.89,23.7,29.72
35.28,200.01,57.78,30.23
99.67,200.13,79.57,31.77
83.79,200.25,183.91,32.53
182.97,200.37,198.65,34.69
72.48,200.49,8.98,30.61
116.12,200.61,152.2,32.95
126.45,200.73,74.34,32.41
2.62,200.85,78.49,30.0
132.71,200.97,150.85,33.36
35.61,201.09,183.69,31.77
192.21,201.21,190.19,35.0
29.73,201.33,115.42,31.03
82.92,201.45,71.42,31.69
17.07,201.57,157.51,31.26
199.37,201.69,50.2,33.86
100.44,201.81,112.81,32.54
119.08,201.93,71.72,32.53
13.42,202.05,131.33,31.05
149.99,202.17,48.08,32.98
41.98,202.29,38.32,30.75
179.61,202.41,183.65,34.98
41.03,202.53,20.36,30.61
38.14,202.65,101.19,31.39
7.31,202.77,44.17,30.23
94.41,202.89,7.79,31.64
112.97,203.01,7.2,32.04
13.14,203.13,35.04,30.35
155.11,203.25,173.35,34.6
90.66,203.37,56.5,32.17
104.88,203.49,190.09,33.82
88.15,203.61,116.32,32.78
80.15,203.73,87.32,32.36
111.93,203.85,116.02,33.31
31.05,203.97,103.34,31.6
36.39,204.09,151.76,32.22
172.36,204.21,56.5,34.01
189.22,204.33,70.61,34.52
74.66,204.45,178.82,33.34
54.15,204.57,189.29,33.07
128.8,204.69,178.51,34.48
81.75,204.81,83.89,32.62
5.08,204.93,156.07,31.84
31.23,205.05,95.27,31.78
143.19,205.17,99.51,34.09
131.78,205.29,40.94,33.31
5.42,205.41,118.23,31.58
44.39,205.53,37.23,31.58
46.21,205.65,66.31,31.94
134.38,205.77,171.01,34.78
3.94,205.89,41.42,30.9
20.82,206.01,14.23,31.0
159.98,206.13,13.8,33.8
35.71,206.25,188.16,33.09
130.55,206.37,101.38,34.15
47.64,206.49,81.88,32.32
19.89,206.61,162.18,32.6
48.63,206.73,167.17,33.25
144.45,206.85,66.44,34.19
171.14,206.97,138.72,35.47
166.04,207.09,154.22,35.55
79.44,207.21,130.93,33.62
133.62,207.33,30.32,33.72
41.0,207.45,175.18,33.35
58.63,207.57,107.82,33.05
179.27,207.69,56.49,34.98
2.6,207.81,85.05,31.76
17.1,207.93,7.51,31.3
41.58,208.05,25.57,32.0
5.31,208.17,153.11,32.58
36.29,208.29,0.0,31.69
116.61,208.41,83.31,34.16
84.28,208.53,104.5,33.75
178.53,208.65,10.93,34.73
163.49,208.77,194.62,36.29
68.36,208.89,45.23,32.92
51.88,209.01,60.84,32.77
75.94,209.13,60.79,33.28
118.06,209.25,46.08,34.0
53.61,209.37,0.29,32.28
124.83,209.49,145.87,35.19
81.88,209.61,193.37,34.83
110.41,209.73,44.86,33.94
87.23,209.85,132.61,34.38
58.89,209.97,148.38,34.0
189.69,210.1,169.69,36.85
152.72,210.22,84.53,35.29
28.02,210.34,60.59,32.58
173.69,210.46,65.06,35.56
97.49,210.58,142.52,34.84
178.91,210.7,163.36,36.7
159.97,210.82,36.32,35.08
85.04,210.94,74.19,33.98
4.49,211.06,180.39,33.46
53.74,211.18,161.34,34.28
108.33,211.3,196.97,35.75
126.7,211.42,150.85,35.68
51.58,211.54,78.64,33.48
27.87,211.66,118.13,33.42
166.99,211.78,132.2,36.37
196.88,211.9,15.69,35.83
105.14,212.02,108.9,34.95
34.34,212.14,141.86,33.89
54.46,212.26,33.46,33.23
3.68,212.38,156.13,33.46
182.86,212.5,116.75,36.67
23.55,212.62,190.44,34.25
115.3,212.74,8.48,34.29
54.81,212.86,53.07,33.54
110.84,212.98,120.31,35.36
130.28,213.1,59.31,35.16
165.95,213.22,142.88,36.73
41.28,213.34,151.8,34.35
2.2,213.46,20.5,32.28
27.38,213.58,102.77,33.63
180.0,213.7,101.78,36.69
174.78,213.82,73.86,36.33
119.48,213.94,186.58,36.37
120.1,214.06,165.5,36.19
133.01,214.18,139.44,36.21
35.07,214.3,142.87,34.31
182.88,214.42,92.34,36.78
83.75,214.54,184.2,35.74
76.63,214.66,138.92,35.16
103.78,214.78,145.8,35.79
9.39,214.9,172.34,34.19
33.26,215.02,54.81,33.51
147.61,215.14,161.41,36.89
16.56,215.26,39.05,33.06
120.63,215.38,69.07,35.46
49.07,215.5,67.12,34.03
77.86,215.62,195.71,35.91
57.74,215.74,171.31,35.28
71.13,215.86,140.23,35.26
143.81,215.98,145.41,36.78
59.42,216.1,112.41,34.78
113.28,216.22,189.42,36.65
95.21,216.34,99.25,35.4
132.73,216.46,76.1,35.94
187.37,216.58,32.61,36.62
146.51,216.7,157.24,37.06
42.99,216.82,146.89,34.91
6.24,216.94,76.87,33.49
52.45,217.06,5.04,33.71
119.02,217.18,167.8,36.69
10.29,217.3,2.28,32.87
99.27,217.42,140.74,36.05
119.37,217.54,194.05,37.0
66.85,217.66,87.53,34.9
154.18,217.78,46.99,36.26
21.32,217.9,140.97,34.56
15.03,218.02,163.43,34.67
145.64,218.14,109.29,36.76
99.1,218.26,193.41,36.68
137.68,218.38,10.33,35.64
86.97,218.5,100.96,35.55
49.28,218.62,143.69,35.23
163.82,218.74,172.53,37.83
159.88,218.86,35.85,36.39
138.94,218.98,160.0,37.23
54.43,219.1,110.54,35.06
118.05,219.22,79.31,36.03
72.19,219.34,26.34,34.6
18.32,219.46,173.06,35.0
183.46,219.58,31.45,36.9
27.36,219.7,61.96,34.09
190.05,219.82,58.01,37.32
89.2,219.94,174.28,36.48
37.03,220.06,134.54,35.05
108.38,220.18,159.34,36.74
174.59,220.3,50.09,36.98
146.44,220.42,124.97,37.18
161.31,220.54,114.35,37.38
131.76,220.66,166.57,37.32
138.46,220.78,181.22,37.61
169.84,220.9,2.43,36.46
49.93,221.02,134.8,35.39
97.88,221.14,10.37,35.12
44.24,221.26,109.77,35.05
197.53,221.38,57.53,37.6
188.81,221.5,61.36,37.47
7.89,221.62,70.59,33.96
141.12,221.74,124.26,37.17
185.05,221.86,66.81,37.48
36.12,221.98,146.54,35.3
113.59,222.1,80.91,36.2
183.1,222.22,13.67,36.93
6.79,222.34,156.75,34.84
139.48,222.46,57.15,36.51
59.47,222.58,86.55,35.21
184.88,222.7,137.09,38.23
194.21,222.82,66.49,37.71
188.85,222.94,11.32,37.06
94.84,223.06,74.78,35.82
172.41,223.18,188.89,38.52
168.91,223.3,128.35,37.85
63.82,223.42,134.3,35.81
165.78,223.54,126.46,37.77
7.4,223.66,39.8,33.74
119.25,223.78,83.67,36.42
46.0,223.9,150.19,35.63
24.11,224.02,20.27,33.89
15.39,224.14,55.57,34.07
139.26,224.26,55.26,36.55
67.97,224.38,86.4,35.44
144.95,224.5,196.07,38.08
13.07,224.62,13.5,33.62
63.06,224.74,103.74,35.52
107.9,224.86,35.87,35.74
158.14,224.98,194.14,38.33
63.75,225.1,22.66,34.73
125.18,225.22,80.72,36.54
177.2,225.34,147.58,38.25
123.17,225.46,140.91,37.1
46.59,225.58,84.55,35.0
4.88,225.7,69.3,34.02
174.02,225.82,79.52,37.5
4.25,225.94,52.86,33.84
174.94,226.06,41.07,37.13
105.79,226.18,96.61,36.3
187.81,226.3,53.71,37.51
159.76,226.42,57.49,36.99
199.59,226.54,131.35,38.52
70.14,226.66,193.71,36.55
153.44,226.78,120.73,37.48
80.39,226.9,15.4,34.96
95.98,227.02,15.12,35.27
125.5,227.14,190.28,37.61
174.74,227.26,59.46,37.28
196.82,227.38,18.41,37.31
153.65,227.5,119.81,37.45
83.55,227.62,124.73,36.09
84.27,227.74,129.7,36.15
147.52,227.86,53.48,36.65
47.76,227.98,3.02,34.14
22.09,228.1,193.0,35.52
70.92,228.22,50.18,35.06
57.45,228.34,135.21,35.64
59.26,228.46,141.33,35.73
46.72,228.58,122.0,35.27
8.42,228.7,62.58,33.91
3.57,228.82,54.22,33.72
197.54,228.94,119.53,38.24
85.55,229.06,173.22,36.53
76.87,229.18,189.35,36.51
135.93,229.3,21.18,35.99
43.65,229.42,30.97,34.24
189.99,229.54,188.95,38.73
157.27,229.66,147.31,37.65
17.88,229.78,176.6,35.14
83.52,229.9,40.53,35.09
175.82,230.03,117.52,37.69
188.95,230.15,140.23,38.17
93.48,230.27,136.02,36.2
122.68,230.39,81.63,36.23
33.41,230.51,3.08,33.64
198.23,230.63,116.59,38.06
46.33,230.75,50.62,34.35
188.55,230.87,90.05,37.58
129.93,230.99,191.52,37.4
121.55,231.11,79.81,36.1
102.54,231.23,167.96,36.59
46.13,231.35,37.71,34.14
35.31,231.47,134.49,34.88
44.1,231.59,195.4,35.65
37.29,231.71,20.38,33.74
155.92,231.83,1.66,35.91
70.03,231.95,86.72,35.03
11.57,232.07,18.53,33.16
193.82,232.19,149.68,38.1
176.76,232.31,182.91,38.07
185.55,232.43,86.8,37.27
198.98,232.55,51.74,37.17
34.78,232.67,86.88,34.21
79.25,232.79,144.69,35.66
151.65,232.91,1.81,35.66
139.2,233.03,117.89,36.55
30.78,233.15,122.66,34.41
163.17,233.27,127.54,37.09
44.89,233.39,48.4,33.91
44.76,233.51,142.81,34.83
107.39,233.63,18.28,34.81
118.59,233.75,39.85,35.23
116.02,233.87,175.49,36.52
18.3,233.99,147.74,34.26
175.49,234.11,2.75,35.93
53.12,234.23,49.68,33.93
25.9,234.35,42.88,33.29
177.75,234.47,54.16,36.42
191.13,234.59,49.51,36.62
172.43,234.71,12.51,35.85
161.9,234.83,91.79,36.41
131.05,234.95,146.55,36.31
110.17,235.07,121.35,35.62
17.4,235.19,134.57,33.87
81.69,235.31,16.23,33.94
74.54,235.43,190.3,35.52
51.95,235.55,167.7,34.81
144.68,235.67,161.02,36.57
99.18,235.79,164.6,35.67
16.21,235.91,186.54,34.2
44.04,236.03,108.85,33.96
136.65,236.15,40.06,35.09
15.23,236.27,123.36,33.47
170.24,236.39,148.58,36.79
99.03,236.51,147.58,35.33
96.12,236.63,104.29,34.81
118.48,236.75,13.69,34.32
164.94,236.87,74.22,35.83
69.56,236.99,184.15,34.99
135.6,237.11,116.89,35.61
113.15,237.23,107.67,35.04
53.41,237.35,53.77,33.27
175.73,237.47,73.69,35.89
159.49,237.59,179.07,36.58
131.69,237.71,133.29,35.54
170.12,237.83,157.48,36.52
173.46,237.95,90.87,35.89
141.67,238.07,126.05,35.57
167.4,238.19,49.68,35.29
139.49,238.31,141.09,35.61
136.03,238.43,85.52,34.95
123.72,238.55,88.51,34.71
150.54,238.67,129.86,35.62
31.72,238.79,187.26,33.79
176.17,238.91,12.8,34.9
174.37,239.03,164.95,36.35
5.85,239.15,58.48,31.88
165.16,239.27,88.78,35.33
25.77,239.39,4.38,31.67
67.02,239.51,60.21,33.01
148.7,239.63,100.53,35.02
32.15,239.75,11.24,31.76
163.59,239.87,98.22,35.22
166.43,239.99,185.42,36.11
101.49,240.11,21.08,33.13
1.28,240.23,152.89,32.41
57.41,240.35,81.93,32.79
123.39,240.47,131.03,34.56
196.24,240.59,52.05,35.19
126.36,240.71,31.9,33.55
51.96,240.83,32.09,32.03
126.8,240.95,14.1,33.31
108.0,241.07,37.13,33.12
155.97,241.19,132.84,35.0
21.4,241.31,176.34,32.71
152.21,241.43,162.83,35.15
108.25,241.55,137.03,33.97
192.6,241.67,22.09,34.47
68.37,241.79,57.84,32.3
126.52,241.91,61.96,33.47
186.41,242.03,49.99,34.51
20.5,242.15,103.0,31.68
187.45,242.27,107.11,35.02
137.58,242.39,71.38,33.62
13.57,242.51,70.76,31.09
60.19,242.63,165.71,32.93
141.63,242.75,157.86,34.44
13.47,242.87,61.56,30.88
116.43,242.99,182.76,34.11
69.18,243.11,190.56,33.2
124.18,243.23,65.35,33.0
9.15,243.35,70.88,30.71
174.31,243.47,101.13,34.28
194.7,243.59,188.22,35.51
193.78,243.71,175.26,35.32
149.93,243.83,20.51,32.85
26.02,243.95,78.55,30.91
151.65,244.07,110.67,33.7
4.92,244.19,100.63,30.62
4.42,244.31,38.77,29.95
64.72,244.43,171.76,32.44
97.73,244.55,135.39,32.7
154.08,244.67,167.58,34.1
136.66,244.79,171.75,33.75
89.18,244.91,149.67,32.53
54.73,245.03,87.84,31.18
199.42,245.15,122.11,34.37
85.24,245.27,32.07,31.14
90.28,245.39,134.73,32.22
32.72,245.51,35.85,30.04
158.96,245.63,138.79,33.55
138.74,245.75,45.92,32.17
44.15,245.87,23.51,30.0
16.48,245.99,33.06,29.5
136.1,246.11,0.4,31.52
130.9,246.23,143.75,32.8
54.65,246.35,146.48,31.26
190.17,246.47,102.99,33.48
30.21,246.59,32.27,29.53
86.47,246.71,16.71,30.45
188.72,246.83,3.83,32.32
83.95,246.95,33.15,30.47
127.71,247.07,178.17,32.75
79.52,247.19,48.31,30.44
54.84,247.31,70.85,30.12
196.8,247.43,21.07,32.41
81.87,247.55,44.47,30.3
178.82,247.67,103.84,32.78
45.99,247.79,121.55,30.25
42.62,247.91,49.07,29.41
6.23,248.03,11.55,28.26
130.33,248.15,78.21,31.36
73.71,248.27,46.84,29.86
172.87,248.39,43.91,31.77
94.64,248.51,191.97,31.63
193.64,248.63,123.26,32.87
37.11,248.75,111.38,29.57
173.72,248.87,83.16,31.97
155.32,248.99,85.79,31.58
154.18,249.11,108.18,31.73
168.96,249.23,139.29,32.29
152.2,249.35,140.43,31.91
125.24,249.47,34.34,30.26
26.25,249.59,100.02,28.89
6.51,249.71,82.39,28.26
184.17,249.83,174.11,32.68
123.33,249.95,126.28,30.93
159.31,250.08,106.5,31.4
96.3,250.2,23.08,29.26
23.46,250.32,121.13,28.73
25.04,250.44,23.44,27.73
137.11,250.56,67.44,30.36
86.06,250.68,28.57,28.9
40.1,250.8,138.41,29.02
98.32,250.92,41.25,29.16
12.84,251.04,78.37,27.77
116.39,251.16,179.13,30.8
53.8,251.28,40.86,28.11
159.51,251.4,101.56,30.78
62.07,251.52,83.85,28.6
91.04,251.64,3.62,28.32
2.32,251.76,158.55,28.04
14.49,251.88,13.81,26.78
78.5,252.0,94.85,28.82
95.99,252.12,112.14,29.29
120.0,252.24,125.69,29.85
58.33,252.36,137.73,28.68
139.0,252.48,50.65,29.37
172.02,252.6,2.0,29.49
155.97,252.72,144.69,30.54
7.92,252.84,107.13,27.15
96.1,252.96,167.22,29.46
20.99,253.08,164.28,27.87
48.41,253.2,168.67,28.41
197.33,253.32,97.02,30.61
28.5,253.44,66.73,26.88
99.78,253.56,158.31,29.17
123.63,253.68,90.26,28.91
140.49,253.8,36.69,28.65
111.93,253.92,170.99,29.37
1.95,254.04,176.51,27.17
65.29,254.16,93.26,27.55
103.54,254.28,15.14,27.47
17.57,254.4,77.57,26.32
70.13,254.52,160.71,28.15
6.64,254.64,180.35,27.02
15.72,254.76,40.69,25.75
79.38,254.88,13.39,26.69
26.54,255.0,175.47,27.2
113.51,255.12,77.88,27.9
137.89,255.24,108.35,28.64
160.12,255.36,193.61,29.88
40.03,255.48,13.31,25.62
33.5,255.6,129.66,26.59
20.91,255.72,14.82,25.14
127.29,255.84,75.09,27.81
141.3,255.96,160.76,28.89
6.32,256.08,86.69,25.39
187.24,256.2,199.44,30.08
10.39,256.32,111.81,25.61
108.26,256.44,64.23,27.03
141.81,256.56,44.02,27.44
174.19,256.68,70.1,28.29
142.82,256.8,74.51,27.65
160.35,256.92,13.74,27.34
67.89,257.04,73.91,26.03
162.97,257.16,92.85,28.06
16.02,257.28,144.55,25.58
178.96,257.4,131.35,28.65
109.52,257.52,141.75,27.31
163.46,257.64,1.67,26.93
90.46,257.76,43.53,25.83
128.72,257.88,132.34,27.42
105.28,258.0,96.8,26.54
146.32,258.12,1.06,26.35
16.33,258.24,160.9,25.29
12.07,258.36,154.56,25.08
49.42,258.48,109.68,25.32
31.91,258.6,13.29,23.94
174.36,258.72,153.3,28.14
43.84,258.84,116.74,25.1
195.17,258.96,156.39,28.46
67.38,259.08,150.35,25.79
36.42,259.2,160.6,25.21
157.94,259.32,103.6,27.01
131.74,259.44,28.06,25.68
99.64,259.56,134.23,26.04
111.07,259.68,124.09,26.1
143.84,259.8,148.45,26.94
45.69,259.92,33.98,23.78
199.27,260.04,39.0,26.84
194.96,260.16,178.08,28.08
130.07,260.28,150.0,26.45
39.91,260.4,181.65,24.9
136.05,260.52,151.74,26.46
14.44,260.64,119.43,23.65
6.13,260.76,130.83,23.54
51.54,260.88,177.83,24.86
92.52,261.0,115.76,25.0
173.65,261.12,126.48,26.67
145.43,261.24,31.3,25.09
148.54,261.36,94.78,25.73
85.1,261.48,143.28,24.88
69.19,261.6,54.19,23.61
74.21,261.72,40.45,23.52
197.53,261.84,62.77,26.15
8.02,261.96,48.3,22.15
173.41,262.08,42.98,25.35
115.74,262.2,84.97,24.55
87.72,262.32,181.57,24.9
145.05,262.44,101.41,25.18
97.33,262.56,37.58,23.53
174.68,262.68,15.39,24.8
180.14,262.8,139.23,26.08
84.34,262.92,76.56,23.48
55.37,263.04,164.37,23.72
118.47,263.16,131.9,24.6
182.47,263.28,159.25,26.09
42.13,263.4,54.39,22.18
124.59,263.52,138.47,24.61
126.31,263.64,52.81,23.72
146.62,263.76,187.81,25.42
26.31,263.88,127.27,22.35
143.16,264.0,64.9,24.0
181.81,264.12,53.9,24.6
35.94,264.24,38.19,21.47
47.51,264.36,138.93,22.65
194.28,264.48,43.74,24.57
36.2,264.6,119.06,22.1
170.88,264.72,52.93,24.08
98.46,264.84,132.39,23.36
49.45,264.96,162.99,22.63
174.15,265.08,155.61,24.99
89.06,265.2,152.17,23.19
102.96,265.32,37.54,22.26
71.85,265.44,17.68,21.38
118.59,265.56,139.79,23.48
32.7,265.68,73.67,21.04
78.22,265.8,86.47,22.02
193.88,265.92,6.23,23.47
51.63,266.04,51.92,21.02
131.35,266.16,6.74,22.11
65.04,266.28,175.84,22.41
154.69,266.4,48.68,22.87
26.17,266.52,111.47,20.87
193.96,266.64,7.8,23.13
90.76,266.76,133.37,22.26
47.21,266.88,64.61,20.64
14.7,267.0,179.58,21.08
33.95,267.12,177.62,21.39
103.95,267.24,65.06,21.6
67.4,267.36,180.19,21.96
165.78,267.48,199.23,24.06
86.18,267.6,165.08,22.07
49.74,267.72,168.97,21.32
123.43,267.84,49.8,21.54
141.36,267.96,115.34,22.5
33.41,268.08,13.45,19.26
33.52,268.2,18.98,19.26
7.33,268.32,199.78,20.49
147.28,268.44,65.33,21.88
132.76,268.56,149.64,22.37
94.93,268.68,161.33,21.68
168.83,268.8,171.6,23.2
161.13,268.92,199.53,23.26
117.07,269.04,48.3,20.81
173.65,269.16,8.07,21.48
41.17,269.28,82.24,19.52
22.38,269.4,26.02,18.52
53.95,269.52,4.49,18.88
11.42,269.64,72.09,18.64
106.23,269.76,156.75,21.33
187.32,269.88,113.24,22.46
7.87,270.01,62.56,18.3
24.42,270.13,130.87,19.26
90.44,270.25,46.4,19.67
186.78,270.37,2.88,21.11
63.23,270.49,152.87,20.08
101.45,270.61,124.75,20.5
8.31,270.73,152.46,18.86
29.67,270.85,7.79,17.78
197.33,270.97,167.42,22.67
193.02,271.09,123.91,22.1
0.99,271.21,112.68,18.09
190.36,271.33,124.92,21.94
127.82,271.45,172.89,21.11
173.58,271.57,117.39,21.41
90.95,271.69,116.19,19.69
103.12,271.81,198.14,20.7
97.77,271.93,151.35,20.06
133.37,272.05,88.46,20.09
27.93,272.17,141.48,18.45
5.99,272.29,77.85,17.32
61.59,272.41,45.78,18.06
140.94,272.53,119.37,20.32
40.37,272.65,185.64,18.92
134.69,272.77,185.83,20.75
193.98,272.89,68.38,20.7
18.78,273.01,105.54,17.51
134.52,273.13,42.33,19.14
88.75,273.25,199.13,19.74
173.63,273.37,196.22,21.35
35.43,273.49,129.9,17.87
138.53,273.61,160.88,20.18
167.62,273.73,143.02,20.53
188.92,273.85,118.63,20.66
136.65,273.97,10.67,18.48
99.43,274.09,90.95,18.48
123.57,274.21,134.96,19.35
173.78,274.33,135.51,20.3
114.12,274.45,74.62,18.44
6.08,274.57,188.34,17.36
186.19,274.69,33.47,19.36
137.91,274.81,100.07,19.01
135.3,274.93,138.18,19.28
43.14,275.05,139.43,17.4
131.78,275.17,129.73,19.02
78.77,275.29,55.06,17.16
130.25,275.41,31.24,17.89
21.32,275.53,127.19,16.62
131.57,275.65,119.86,18.7
199.88,275.77,35.87,19.17
9.64,275.89,141.03,16.36
195.43,276.01,91.03,19.53
81.38,276.13,133.55,17.62
174.15,276.25,167.47,19.76
156.48,276.37,33.95,18.02
113.4,276.49,3.83,16.8
147.69,276.61,155.82,18.95
175.7,276.73,121.94,19.12
80.83,276.85,139.93,17.35
65.41,276.97,167.63,17.27
133.52,277.09,160.56,18.51
161.57,277.21,192.18,19.33
152.46,277.33,107.19,18.25
159.56,277.45,97.7,18.24
87.12,277.57,80.38,16.57
163.57,277.69,30.74,17.55
24.04,277.81,114.52,15.54
108.9,277.93,55.4,16.6
1.15,278.05,184.26,15.68
64.92,278.17,116.64,16.23
73.29,278.29,118.57,16.36
79.23,278.41,70.98,15.96
139.09,278.53,10.4,16.5
77.71,278.65,6.35,15.18
89.74,278.77,84.67,16.15
47.51,278.89,16.91,14.58
74.65,279.01,121.37,16.11
45.45,279.13,176.19,16.03
14.64,279.25,176.58,15.37
120.69,279.37,131.81,16.99
133.64,279.49,42.25,16.3
123.9,279.61,172.6,17.36
92.7,279.73,177.22,16.74
75.96,279.85,39.33,14.97
172.67,279.97,147.49,17.94
103.82,280.09,57.3,15.61
95.84,280.21,160.53,16.44
5.13,280.33,199.45,14.96
68.25,280.45,6.01,14.24
76.04,280.57,179.47,16.09
79.76,280.69,124.53,15.56
116.03,280.81,194.68,16.94
106.72,280.93,93.0,15.69
121.58,281.05,169.48,16.71
152.98,281.17,12.48,15.72
162.6,281.29,67.06,16.41
143.62,281.41,13.4,15.44
191.1,281.53,195.07,18.16
3.65,281.65,163.39,14.05
39.16,281.77,170.51,14.79
1.51,281.89,187.59,14.16
129.49,282.01,17.02,14.97
179.61,282.13,77.12,16.52
48.7,282.25,14.21,13.23
185.41,282.37,42.16,16.2
12.05,282.49,45.87,12.72
186.89,282.61,93.82,16.65
70.32,282.73,53.71,13.88
20.28,282.85,20.2,12.49
97.17,282.97,33.5,14.12
51.36,283.09,29.46,13.12
56.97,283.21,194.62,14.84
61.46,283.33,151.86,14.46
160.61,283.45,193.55,16.81
107.83,283.57,87.95,14.66
62.26,283.69,55.67,13.38
122.07,283.81,159.66,15.57
143.23,283.93,65.25,15.01
54.52,284.05,59.88,13.13
82.71,284.17,46.5,13.52
24.38,284.29,25.94,12.11
36.23,284.41,51.29,12.55
136.22,284.53,71.06,14.71
36.29,284.65,134.8,13.3
105.03,284.77,12.51,13.41
141.81,284.89,42.1,14.4
21.38,285.01,161.8,13.15
113.46,285.13,29.38,13.62
51.31,285.25,68.53,12.73
192.59,285.37,172.93,16.56
96.71,285.49,30.99,13.18
161.2,285.61,16.55,14.28
110.05,285.73,96.91,14.02
8.68,285.85,60.48,11.59
126.63,285.97,112.68,14.43
190.28,286.09,160.76,16.14
120.32,286.21,27.43,13.37
163.84,286.33,116.14,15.09
176.84,286.45,101.1,15.16
45.62,286.57,28.82,11.77
42.41,286.69,124.8,12.62
122.2,286.81,54.73,13.48
82.21,286.93,97.57,13.07
167.97,287.05,16.45,13.93
180.0,287.17,91.92,14.89
70.68,287.29,61.29,12.36
47.37,287.41,164.48,12.88
156.11,287.53,11.4,13.49
54.96,287.65,83.72,12.15
164.52,287.77,91.69,14.38
84.75,287.89,145.0,13.28
133.51,288.01,114.86,13.92
19.11,288.13,133.44,11.78
124.77,288.25,155.41,14.07
90.35,288.37,172.44,13.52
117.32,288.49,62.78,12.92
33.6,288.61,107.6,11.66
147.37,288.73,168.02,14.5
172.56,288.85,197.89,15.26
43.35,288.97,177.9,12.44
19.14,289.09,74.29,10.89
4.73,289.21,39.03,10.21
128.39,289.33,97.88,13.23
121.42,289.45,148.33,13.56
109.34,289.57,98.51,12.79
46.39,289.69,96.64,11.47
78.18,289.81,167.65,12.78
118.9,289.93,72.28,12.61
99.35,290.06,171.96,13.18
197.56,290.18,81.36,14.2
27.29,290.3,65.65,10.6
139.03,290.42,90.8,13.05
80.86,290.54,152.49,12.47
85.64,290.66,25.2,11.26
143.52,290.78,39.28,12.52
138.49,290.9,190.29,13.9
198.25,291.02,35.1,13.5
25.68,291.14,113.55,10.8
20.82,291.26,115.86,10.7
144.87,291.38,97.92,12.96
115.68,291.5,128.95,12.65
54.83,291.62,45.97,10.57
15.88,291.74,110.53,10.41
17.13,291.86,74.43,10.04
178.84,291.98,132.33,13.82
38.37,292.1,28.24,9.93
64.67,292.22,114.18,11.29
45.33,292.34,37.05,10.09
71.0,292.46,55.73,10.76
13.88,292.58,43.74,9.47
103.81,292.7,36.57,11.16
13.52,292.82,165.14,10.61
160.07,292.94,57.14,12.43
46.74,293.06,185.42,11.41
108.0,293.18,193.99,12.69
176.02,293.3,114.25,13.22
130.18,293.42,28.6,11.42
106.59,293.54,74.91,11.38
64.87,293.66,159.55,11.36
66.6,293.78,73.48,10.5
133.9,293.9,17.4,11.25
198.83,294.02,111.36,13.46
132.37,294.14,169.02,12.68
111.56,294.26,159.19,12.13
146.13,294.38,35.02,11.55
93.04,294.5,134.55,11.45
12.03,294.62,44.1,8.9
112.46,294.74,43.64,10.87
191.53,294.86,174.81,13.74
35.06,294.98,49.93,9.33
138.0,295.1,52.65,11.38
40.19,295.22,0.13,8.87
107.17,295.34,174.13,11.92
19.34,295.46,158.52,9.98
90.07,295.58,125.47,11.04
151.23,295.7,150.05,12.48
69.51,295.82,30.41,9.62
132.98,295.94,91.66,11.47
159.09,296.06,70.24,11.75
185.44,296.18,18.76,11.73
46.93,296.3,97.23,9.72
79.86,296.42,184.15,11.22
30.48,296.54,8.01,8.44
198.5,296.66,58.29,12.28
185.4,296.78,41.51,11.82
107.99,296.9,47.63,10.3
168.41,297.02,181.69,12.83
104.19,297.14,93.61,10.63
124.72,297.26,93.26,11.01
17.82,297.38,152.12,9.44
151.05,297.5,30.9,10.86
25.54,297.62,97.45,8.99
165.21,297.74,86.0,11.64
156.41,297.86,119.38,11.77
141.75,297.98,199.91,12.26
7.23,298.1,153.89,9.08
60.63,298.22,79.57,9.38
52.62,298.34,165.51,10.05
72.03,298.46,34.14,9.1
17.53,298.58,6.09,7.71
187.39,298.7,40.89,11.43
110.76,298.82,68.08,10.14
61.1,298.94,102.12,9.46
79.4,299.06,123.03,10.01
89.44,299.18,182.12,10.78
120.12,299.3,101.97,10.57
103.14,299.42,100.26,10.18
183.88,299.54,10.05,10.87
99.39,299.66,6.98,9.13
198.43,299.78,110.23,12.12
170.28,299.9,87.64,11.3
41.7,300.02,167.84,9.51
186.12,300.14,32.14,11.02
23.27,300.26,4.99,7.46
163.49,300.38,89.81,11.09
76.12,300.5,47.5,8.9
175.59,300.62,9.92,10.49
173.61,300.74,144.92,11.77
161.19,300.86,22.32,10.28
158.01,300.98,121.66,11.18
60.94,301.1,56.21,8.56
16.18,301.22,34.7,7.43
80.6,301.34,75.95,9.11
34.7,301.46,160.29,9.01
138.99,301.58,78.42,10.26
69.22,301.7,150.15,9.56
195.12,301.82,25.1,10.8
128.19,301.94,154.55,10.74
164.5,302.06,47.39,10.37
26.5,302.18,135.48,8.47
172.4,302.3,113.16,11.14
184.55,302.42,185.83,12.09
97.41,302.54,77.46,9.24
121.25,302.66,13.23,9.05
152.96,302.78,3.83,9.57
34.97,302.9,165.37,8.81
100.51,303.02,104.95,9.49
79.73,303.14,155.05,9.56
29.27,303.26,46.89,7.45
73.51,303.38,69.02,8.53
13.63,303.5,6.02,6.68
5.16,303.62,192.3,8.36
27.03,303.74,133.57,8.19
192.62,303.86,186.64,12.01
109.91,303.98,53.1,9.0
193.16,304.1,122.29,11.34
86.5,304.22,135.7,9.32
62.36,304.34,63.51,8.09
101.23,304.46,169.62,9.91
87.9,304.58,189.43,9.82
21.13,304.7,176.97,8.35
128.17,304.82,147.81,10.18
43.21,304.94,55.49,7.53
123.92,305.06,56.32,9.14
130.04,305.18,192.67,10.6
30.4,305.3,2.06,6.69
12.27,305.42,143.21,7.72
156.15,305.54,141.25,10.56
91.96,305.66,124.54,9.09
11.63,305.78,198.02,8.2
198.97,305.9,62.38,10.57
11.56,306.02,67.99,6.86
139.01,306.14,15.79,8.87
196.74,306.26,88.56,10.73
47.84,306.38,52.21,7.38
28.45,306.5,68.68,7.13
24.28,306.62,166.91,8.02
60.66,306.74,187.1,8.93
20.21,306.86,37.15,6.6
138.43,306.98,74.5,9.32
12.46,307.1,185.73,7.9
101.88,307.22,12.36,7.94
199.34,307.34,18.47,9.93
162.79,307.46,32.56,9.33
123.04,307.58,119.04,9.38
61.25,307.7,30.09,7.24
124.78,307.82,193.62,10.13
105.41,307.94,89.34,8.68
85.22,308.06,100.3,8.37
26.14,308.18,49.33,6.66
177.32,308.3,94.19,10.12
89.96,308.42,132.38,8.74
38.92,308.54,150.24,7.88
73.55,308.66,150.77,8.57
82.83,308.78,115.58,8.38
165.51,308.9,180.87,10.68
146.72,309.02,163.48,10.11
153.86,309.14,151.41,10.12
2.21,309.26,11.12,5.67
83.23,309.38,1.38,7.18
96.27,309.5,42.49,7.83
3.84,309.62,132.7,6.87
51.96,309.74,82.24,7.32
152.06,309.86,80.48,9.29
27.42,309.98,176.92,7.74
107.06,310.11,179.11,9.34
43.04,310.23,181.84,8.08
2.42,310.35,62.78,6.06
48.24,310.47,138.21,7.72
195.17,310.59,54.33,9.8
160.31,310.71,38.12,8.93
191.92,310.83,36.93,9.54
97.57,310.95,68.42,7.95
21.95,311.07,85.99,6.6
109.59,311.19,166.19,9.15
90.88,311.31,23.98,7.34
168.87,311.43,146.99,10.11
19.62,311.55,106.29,6.71
97.65,311.67,57.59,7.77
30.01,311.79,98.56,6.82
64.94,311.91,59.99,7.12
147.47,312.03,119.22,9.35
95.2,312.15,86.77,7.97
75.18,312.27,32.88,7.01
78.9,312.39,23.32,6.98
91.89,312.51,109.34,8.09
157.0,312.63,180.48,10.09
178.42,312.75,68.79,9.39
191.07,312.87,146.6,10.41
157.38,312.99,131.73,9.58
63.08,313.11,186.31,8.23
137.63,313.23,164.2,9.49
87.52,313.35,113.32,7.96
50.93,313.47,131.41,7.4
168.17,313.59,179.68,10.22
7.69,313.71,79.9,6.0
180.35,313.83,65.36,9.3
92.3,313.95,2.16,6.9
127.44,314.07,165.31,9.22
131.87,314.19,160.2,9.25
179.02,314.31,20.89,8.79
127.33,314.43,115.37,8.69
122.79,314.55,92.8,8.36
13.33,314.67,23.74,5.47
103.68,314.79,196.11,8.99
30.03,314.91,42.94,5.98
147.49,315.03,13.45,8.02
102.44,315.15,118.97,8.17
136.05,315.27,147.77,9.12
8.33,315.39,6.49,5.14
16.96,315.51,131.74,6.56
143.26,315.63,106.46,8.82
14.42,315.75,20.65,5.38
14.25,315.87,34.5,5.51
2.42,315.99,113.59,6.05
191.3,316.11,59.27,9.28
147.5,316.23,187.66,9.68
70.65,316.35,163.75,7.89
59.31,316.47,196.71,7.99
69.94,316.59,51.93,6.75
154.93,316.71,193.94,9.86
132.27,316.83,86.25,8.32
37.04,316.95,69.5,6.24
34.82,317.07,10.07,5.59
19.68,317.19,10.55,5.29
132.06,317.31,138.4,8.81
152.87,317.43,91.59,8.75
53.01,317.55,45.3,6.28
4.19,317.67,122.79,6.07
16.43,317.79,50.57,5.59
193.57,317.91,115.53,9.77
59.09,318.03,71.84,6.64
153.84,318.15,164.71,9.46
124.93,318.27,164.14,8.87
76.39,318.39,95.47,7.2
41.14,318.51,70.16,6.24
24.28,318.63,72.51,5.92
123.0,318.75,161.14,8.77
154.93,318.87,65.64,8.45
128.78,318.99,41.81,7.68
106.06,319.11,16.94,6.97
8.39,319.23,93.34,5.78
193.7,319.35,96.43,9.51
159.74,319.47,168.18,9.54
58.56,319.59,44.25,6.28
195.99,319.71,76.2,9.34
120.38,319.83,161.68,8.68
116.48,319.95,164.72,8.62
149.61,320.07,76.92,8.4
162.35,320.19,91.82,8.8
131.3,320.31,60.66,7.86
25.62,320.43,186.51,7.0
67.65,320.55,23.73,6.21
185.62,320.67,186.75,10.2
44.92,320.79,136.77,6.88
74.43,320.91,106.31,7.16
86.42,321.03,6.53,6.4
87.88,321.15,95.12,7.31
122.59,321.27,81.55,7.86
188.62,321.39,32.24,8.69
48.14,321.51,131.28,6.86
24.3,321.63,194.23,7.01
39.49,321.75,112.44,6.49
177.38,321.87,142.95,9.55
129.16,321.99,13.69,7.29
57.18,322.11,83.53,6.55
163.19,322.23,23.27,8.06
172.27,322.35,122.56,9.23
169.3,322.47,187.7,9.82
183.79,322.59,132.36,9.56
50.45,322.71,15.36,5.72
151.01,322.83,70.93,8.28
92.11,322.95,110.13,7.49
168.4,323.07,80.64,8.72
145.7,323.19,166.73,9.12
155.29,323.31,162.93,9.28
131.23,323.43,122.37,8.39
35.49,323.55,74.69,5.99
109.01,323.67,51.07,7.22
196.93,323.79,21.17,8.68
187.48,323.91,70.98,8.99
8.63,324.03,82.63,5.53
32.96,324.15,135.16,6.54
26.35,324.27,131.63,6.37
145.2,324.39,14.02,7.57
163.56,324.51,79.05,8.58
42.7,324.63,36.36,5.74
101.17,324.75,31.36,6.85
168.14,324.87,165.46,9.53
146.56,324.99,8.38,7.53
108.45,325.11,83.84,7.52
118.07,325.23,33.64,7.21
101.67,325.35,175.87,8.3
59.51,325.47,111.41,6.82
113.0,325.59,46.28,7.23
137.78,325.71,100.49,8.27
174.66,325.83,146.3,9.47
127.26,325.95,191.62,8.97
152.22,326.07,44.09,7.99
32.01,326.19,177.24,6.92
92.31,326.31,186.86,8.22
1.87,326.43,183.28,6.38
49.34,326.55,127.08,6.76
145.29,326.67,125.96,8.67
198.36,326.79,80.64,9.28
19.84,326.91,150.48,6.41
80.3,327.03,106.26,7.18
160.01,327.15,135.49,9.06
40.81,327.27,85.69,6.18
111.02,327.39,146.3,8.19
146.61,327.51,164.89,9.09
123.2,327.63,29.29,7.27
37.6,327.75,166.59,6.93
71.08,327.87,108.06,7.01
156.76,327.99,168.93,9.34
110.85,328.11,86.26,7.59
1.05,328.23,75.81,5.29
152.2,328.35,183.01,9.39
7.06,328.47,50.23,5.16
149.15,328.59,168.84,9.19
40.5,328.71,96.8,6.3
191.61,328.83,102.82,9.38
73.59,328.95,61.69,6.61
65.39,329.07,114.61,6.98
29.78,329.19,65.04,5.77
61.12,329.31,7.85,5.83
175.33,329.43,54.4,8.58
199.27,329.55,1.28,8.53
73.66,329.67,195.67,7.96
89.72,329.79,193.15,8.26
144.41,329.91,79.03,8.22
177.24,330.04,145.67,9.54
118.61,330.16,69.16,7.61
78.31,330.28,134.22,7.45
82.52,330.4,161.09,7.81
139.12,330.52,189.35,9.23
0.64,330.64,80.04,5.37
123.92,330.76,156.66,8.6
71.1,330.88,53.19,6.51
158.84,331.0,198.07,9.72
18.6,331.12,5.15,4.99
117.64,331.24,120.71,8.13
96.19,331.36,131.9,7.82
128.47,331.48,137.61,8.52
12.97,331.6,24.08,5.08
116.0,331.72,187.71,8.78
112.3,331.84,36.24,7.19
112.13,331.96,124.55,8.08
120.7,332.08,44.54,7.45
135.29,332.2,61.44,7.92
161.0,332.32,109.29,8.91
53.96,332.44,83.44,6.52
165.01,332.56,32.05,8.23
99.65,332.68,34.19,6.95
15.41,332.8,83.63,5.76
11.71,332.92,151.46,6.37
66.85,333.04,179.59,7.76
156.98,333.16,16.83,7.94
141.54,333.28,78.62,8.25
157.72,333.4,20.05,7.99
103.45,333.52,3.32,6.75
88.04,333.64,132.34,7.73
29.49,333.76,120.49,6.45
65.64,333.88,32.6,6.3
86.8,334.0,46.76,6.87
17.72,334.12,4.74,5.07
44.12,334.24,166.99,7.23
119.65,334.36,194.94,9.02
147.13,334.48,27.09,7.9
199.67,334.6,46.3,9.15
186.62,334.72,173.68,10.16
128.51,334.84,185.29,9.12
84.25,334.96,83.93,7.23
127.24,335.08,10.12,7.36
157.13,335.2,7.88,7.94
23.67,335.32,114.79,6.34
81.98,335.44,78.58,7.15
167.96,335.56,5.73,8.15
76.77,335.68,116.65,7.44
114.37,335.8,2.26,7.06
117.55,335.92,157.47,8.68
36.9,336.04,61.29,6.11
72.45,336.16,8.05,6.29
66.9,336.28,117.67,7.29
5.24,336.4,79.54,5.68
4.84,336.52,194.76,6.83
166.34,336.64,108.84,9.21
54.61,336.76,55.05,6.44
103.62,336.88,141.89,8.29
59.75,337.0,54.3,6.55
188.14,337.12,180.85,10.39
51.86,337.24,74.94,6.61
85.93,337.36,109.97,7.65
174.55,337.48,10.11,8.43
168.39,337.6,85.22,9.06
37.22,337.72,166.47,7.26
160.53,337.84,161.13,9.68
91.64,337.96,44.86,7.15
96.59,338.08,45.22,7.26
26.7,338.2,163.46,7.05
16.12,338.32,186.08,7.07
145.59,338.44,19.07,8.0
99.29,338.56,90.01,7.79
87.37,338.68,67.49,7.33
145.9,338.8,174.14,9.58
153.1,338.92,16.7,8.16
31.78,339.04,42.23,5.99
122.05,339.16,150.49,8.89
27.07,339.28,10.26,5.59
150.28,339.4,98.51,8.95
131.39,339.52,88.42,8.48
191.32,339.64,66.88,9.47
13.79,339.76,78.91,6.05
11.41,339.88,105.99,6.28
56.44,340.0,32.27,6.45
