concentration,temperature,respond time,response
58.73,399.55,82.21,36.99
105.79,149.36,156.18,143.45
30.27,62.02,83.56,20.26
70.31,290.53,136.58,71.4
71.63,271.25,51.17,67.41
65.39,189.69,78.8,56.87
121.16,10.3,188.78,91.41
123.5,108.17,52.38,69.37
51.52,8.46,36.46,21.99
100.51,302.55,159.15,153.36
32.43,281.18,78.38,6.96
34.65,341.23,104.01,12.92
124.28,365.4,154.86,59.03
91.02,316.56,24.89,132.43
94.68,84.1,193.14,143.17
76.44,103.86,177.45,87.44
12.8,97.31,44.52,5.24
54.52,324.93,173.85,33.46
100.45,212.01,65.33,153.17
84.84,357.92,166.42,117.49
29.07,60.67,48.25,17.75
96.49,263.01,82.78,139.23
36.34,250.8,67.38,8.93
79.74,192.77,75.59,92.85
26.43,243.65,186.56,13.6
91.68,268.17,137.37,137.91
23.73,362.6,173.07,19.41
37.42,164.26,149.59,21.97
57.17,288.51,32.45,25.55
76.26,50.56,164.82,88.22
37.06,361.11,88.82,12.93
67.13,392.78,87.51,53.34
82.56,262.66,178,117.92
122.24,243.58,61.43,69.6
120.32,167.94,82.98,85.54
97.99,259.6,63.19,160.08
9.44,167.36,0.78,8.52
103.27,24.38,191.75,146.94
104.95,369.15,138.41,155.75
37.3,148.62,24.45,9.25
62.09,47.62,11.88,44.46
50.8,40.24,88.83,6.86
78.72,209.09,67.26,96.39
88.74,349.68,110.05,127.63
34.29,54.91,190.61,16.39
97.09,266.08,92.47,147.24
23.85,146.08,19.38,19.13
13.04,104.86,144.22,20
9.14,370.32,95.75,12.46
11.9,266.71,184.52,16.9
67.55,121.05,70.76,53.43
8.6,11.14,132.76,5.81
45.94,59.25,101.05,10.44
72.95,21.11,64.22,74.48
21.63,72.04,180.32,18.62
106.33,72.8,62.96,150.17
81.66,60.3,148.56,101.04
96.79,183.88,24.14,143.74
41.08,160.52,42.47,14.61
23.79,21.69,117.89,22.51
76.02,223.29,166.92,76.41
6.8,140.04,101.29,5.62
26.07,26.89,49.07,17.1
81.9,50.06,60.05,108.5
106.57,135.31,101.29,142.61
22.29,224.41,15.08,22.64
48.4,327.33,134.78,22.03
53.38,345.6,134.23,17.94
88.86,99.25,34.12,126.31
112.15,223.36,99.79,132.49
27.45,259.35,181.31,20.67
65.87,369.54,125.04,54.65
61.79,210.55,131.57,49.52
80.04,193.81,4.97,101.33
11.18,111.37,179.43,7.67
25.95,77.95,157.99,14.47
9.38,340.8,44.65,10.13
107.05,83.6,56.98,141.05
88.08,16.45,142.14,127.17
56.21,129.91,117.75,22.71
87.18,211.08,64.1,124.64
19.29,128.88,74.03,11.74
27.09,140.67,85.76,18.94
82.5,38.46,46.91,116.55
40.42,192.9,121.24,19.92
68.51,176.56,107.54,53.78
113.71,174.5,189.64,122.22
104.23,209.92,179.05,150.06
93.6,252.43,113.42,137.95
68.69,354.18,46.74,57.43
81.78,396.24,182.21,104.07
27.39,336.04,59.32,16.81
119.72,338.6,6.58,94.87
100.99,216.53,22.51,149.42
120.92,319.63,92.65,77.53
38.8,280.26,36.38,9.88
112.69,73.41,93.72,125.35
31.41,251.64,195.61,8.24
20.79,181.06,2.23,23.99
97.33,181.84,101.4,153.06
116.84,207.01,8.33,108.77
34.47,18.92,11.63,6.34
20.49,11.31,178.67,22.07
40.96,386.81,194.12,16.77
42.7,186.94,102.68,20.38
88.26,219.42,18.99,116.93
105.49,398.33,99.71,151.04
38.62,395.76,152.85,16.47
19.65,59.44,169.61,12.74
31.05,148.27,177.1,11.33
109.51,384.68,76.64,136.19
121.76,215.94,72.71,76.07
58.67,223.92,196.25,36.27
76.62,396.43,157.38,85.21
111.79,196.61,74.91,127.22
91.2,200.9,81.13,127.64
95.95,279.62,98.21,147.04
85.38,199.24,184.16,111.37
84.72,222.62,139.07,117.62
115.94,143.77,69.34,123.32
75.18,278.05,119.51,78
18.15,42.49,115.29,13.35
99.79,341.46,55.97,157.67
124.64,153.52,194.89,49.48
64.55,198.01,122.48,41.52
68.09,103.56,180.64,59.15
28.41,265.38,14.69,17.04
62.45,204.8,122.98,35.07
67.25,216.85,141.19,55.05
93.72,110.88,74.92,141.41
33.27,169.81,157.7,9.56
91.44,344.08,96.74,135.17
47.92,11.25,22.48,15.92
105.25,239.72,12.58,147.89
34.59,202.29,186.04,16.08
74.15,151.13,80.54,73.97
76.92,109.3,57.46,86.9
23.31,199.39,80.74,11.89
31.17,219.74,50.39,17.1
105.07,159.33,156,152.32
122.78,170.32,130.26,75.82
94.74,51.49,11.62,144.37
37.12,169.99,93.93,19.4
114.25,140.7,190.19,130.67
83.76,359.19,24.79,114.23
102.37,128.37,91.73,144.7
12.5,399.89,98.9,5.53
86.1,377.37,19.49,119.69
101.53,148.2,96.04,156.36
42.28,322.43,159.53,21.5
60.83,259.19,199.93,39.75
40.36,74.55,86.79,14.5
13.46,326.58,148.23,5.81
91.14,352.54,73.17,137.48
26.61,281.81,80.28,16.2
51.94,1.82,26.46,28.95
30.63,328.59,50.87,8.71
19.77,58.91,90.28,23.82
81.84,131.34,63.23,97.94
11.78,242.59,138.49,4.19
30.75,125.01,184.49,8.68
64.67,311.39,119.97,54.61
19.41,252.83,96.87,6.67
54.58,287.79,187.95,28.84
24.87,388.1,18.27,8.45
114.19,179.56,175.14,136.25
63.41,55.93,21.59,40.73
51.4,127.59,0.53,20.93
79.5,361.81,101.8,95.54
78.78,16.51,191.82,99.48
123.68,78.85,152.12,66.28
51.34,396.79,68.26,26.81
18.09,192.79,191.21,13.7
27.51,231.46,50.75,26.07
46.18,11.46,90.66,15.18
101.65,163.91,184.56,145.3
38.38,197.46,135.53,16.89
30.39,243.5,129.2,7.97
51.82,320.3,107.2,28.07
107.71,127.47,73.54,148.28
66.83,352.6,17.48,55.18
86.04,202.85,94.47,118.06
124.46,299.93,108.02,58.75
58.25,32.88,97.85,34.02
72.53,387.61,143.93,64.43
24.39,180.37,126.84,16.31
57.65,346.48,146.22,29.85
87,221.12,161.79,121.42
86.58,112.43,151.75,119
8.18,139.78,39.38,12.07
76.2,0.98,85.76,90.69
95.83,248.91,129.57,146.58
105.61,47.9,140.78,148.07
78.9,238.84,126.34,105.98
57.89,62.8,165.39,34.32
71.81,371.56,176.49,77.29
28.35,342.79,44.15,15.19
20.67,95.06,55.25,16.21
66.59,388.18,81.98,56.87
30.09,218.99,44.98,16.52
20.25,218.81,176.49,14.71
18.03,392.95,14.18,14.05
48.22,147.13,58.88,25.27
72.29,82.5,167.14,77.91
6.38,111.01,114.49,5.32
26.67,207.76,186.9,22.73
9.02,121.52,89.8,13.9
88.56,123.88,123.88,131.46
16.71,221.93,34.26,7.16
79.38,23.06,87.82,95.61
97.75,234.35,123.89,147.27
73.55,59.78,87.62,78.32
26.49,328.82,190.11,10.67
112.99,201.29,32.06,133.41
115.82,332.87,170.7,120.14
39.82,88.48,144.26,11.79
17.19,102.52,116.33,12.25
33.15,277.43,185.78,16.72
72.77,58.02,16.29,71.85
65.93,120.03,43.95,52.52
53.62,304.73,118.65,23.94
88.62,262.28,103.13,123.52
11.24,296.9,9.96,10.47
104.35,52.69,83.41,151.2
104.29,65.62,58.93,143.35
121.34,85.2,50.24,88.69
18.63,255.36,157.7,9.11
95.41,284.23,47.78,144.49
90.78,240.91,111.95,135.46
123.74,176.65,45.9,69.37
99.67,221.57,195.87,145.24
68.75,383.65,187.08,60.22
61.73,225.55,141.41,47.66
103.63,184.42,190.73,151.08
53.02,142.65,171.67,30.6
79.02,322.45,179.07,92.68
64.61,168.07,78.3,53.46
84.06,300.88,177.34,113.05
41.26,52.8,139.63,12.91
60.05,115.25,164.55,35.06
12.14,269.02,46.39,9.73
42.58,49.66,24.89,10.88
55.55,346.36,164.86,29.36
99.07,389.93,33.77,152.98
44.56,266.31,80.99,14.46
56.45,316.72,65.17,38.18
69.89,268.87,91.8,63.82
84.3,374.19,171.02,118.87
41.44,52.33,141.66,18
121.1,100.26,31.67,85.49
72.23,260.61,12.78,75.87
35.2,180.05,197.68,11.62
111.01,370.16,20.82,136.74
55.67,100.59,17.07,26.97
15.81,213.56,40.5,8.77
26.55,5.17,96.84,10.64
64.79,158.44,51.03,46.74
81.06,97.19,8.95,105.29
9.92,146.17,126.6,5.95
94.38,4.4,0.55,145.41
7.1,274.27,112.85,13.72
62.39,355.93,3.25,34.03
40.24,26.69,55.43,18.42
27.87,155.89,26.98,8.38
59.69,125.71,70.87,28.27
15.21,392.41,2.67,17.5
17.61,346.07,87.4,2.5
108.67,231.78,106.71,133.46
21.93,234.75,123.91,15.14
102.55,110.94,124.37,147.95
52.72,190.54,21.78,29.05
122.96,59.33,122.54,76.06
31.71,99.59,128.22,14.65
23.25,239.3,155.93,11.1
22.77,368.76,175.77,16.4
117.08,332.04,104.46,118.54
18.51,120.35,85.02,14.83
120.86,53.22,69.01,86.39
121.52,122.09,70.97,80.37
113.83,191.87,105.68,121.83
114.61,54.09,127,135.16
47.74,178.61,108.34,18.5
8.78,274.94,63.48,8.98
120.68,98.44,39.55,83.21
61.97,164.51,56.01,40.82
9.62,342.35,92.32,9.51
15.15,163.21,178.31,18.85
50.92,165.02,139.17,27.14
36.64,391.09,87.31,6.74
61.01,137.14,5.56,39.85
119.6,281.78,153.16,94.09
46.3,262.65,186.33,15.93
95.89,157.42,110.63,148.17
7.94,26.25,26.96,5.9
109.33,167.7,124.3,137.45
101.05,278.53,47.76,157.8
67.49,202.61,26,56.38
38.08,180.24,191.77,12.49
9.8,224.12,31.11,14.93
120.02,83.14,53.9,91.69
111.43,37.87,38.63,140.55
94.02,182.33,107.26,147.92
70.01,251.4,82.35,70.25
82.74,322.3,35.19,110.33
83.94,88.85,128.39,106.26
81.72,328.73,82.75,103.86
6.98,208.78,188.3,12.81
77.64,214.12,156.96,82.03
70.55,89.51,29.07,62.54
98.35,295.67,3.08,154.06
85.32,178.31,20.67,118.29
50.08,15.53,57.15,23.39
110.65,292.68,180.87,148.18
98.11,238.85,176.85,153.63
99.13,265.08,40.85,146.94
79.86,372.91,52.67,95.09
99.49,118.57,123.17,154.16
7.88,235.03,122.44,6.37
97.45,187.48,66.77,152.33
15.51,42.54,167.2,10.56
23.61,207.48,170.27,16.62
61.37,376.36,166.51,32.42
88.02,253.25,2.09,130.09
120.5,351.75,67.26,93.92
46.24,395.05,81.36,23.28
50.14,259.93,45.23,18.65
80.16,211,104.43,100.56
44.5,138.07,20.17,21
74.93,279.39,59.48,87.71
43.3,281.44,106.74,15.06
32.61,12.9,36.9,17.99
110.83,74.39,27.34,135.37
115.64,3.69,162.87,117.8
97.39,84.32,17.79,143.78
16.53,3.83,196.76,16.63
94.14,151.57,83.34,144.72
37.6,326.22,7.71,15.29
77.52,178.41,189.55,95
120.2,94.43,45.69,91.2
42.34,287.71,147.64,16.12
47.8,214.07,92.22,29.67
79.26,227.29,17.54,91.3
101.11,275.45,12.62,148.75
81.6,145.11,68.37,108.71
120.98,3.98,148.57,84.64
87.06,234.12,141.43,124.24
84.48,10.75,125.3,122.13
15.93,41.25,161.55,11.79
34.17,269.57,172.48,14.89
122.06,72.17,66.49,79.7
102.85,187.76,8.87,153.09
12.68,192.41,92.92,15.18
49.3,154.43,69.64,19.29
29.01,184.03,188.83,25.43
93,227.7,101.74,133.39
93.42,167.62,78.51,136.18
45.7,394.3,34.41,19.79
39.7,382.88,43.37,2.77
25.29,253.27,104.17,15.97
76.74,19.91,134.36,88.14
17.07,293.16,61.95,11.08
44.74,396.14,70.69,9.88
65.81,40.66,109.75,53.72
107.89,279.86,44,151.12
24.75,87.73,104.69,15.83
77.1,208.44,42.32,81.2
21.39,111.91,71.83,16.99
35.92,358.86,39.31,18.39
90.96,142.23,77.36,138.22
9.26,55.37,102.47,13.77
62.15,393.89,112.65,41.89
37.54,157.19,77.03,10.47
115.04,65,102.41,116.37
114.97,86.14,113.09,132.22
33.69,264.17,136.02,11.66
89.82,7.05,43.32,128.79
75.72,122.47,82.55,78.61
73.37,216.33,123.22,81.45
58.37,102.44,145.61,24.16
52.36,295.07,120.59,17.13
103.15,377.7,171.37,155.6
47.02,71.97,152.31,8.15
52.78,158.93,129.72,19.61
91.5,16.87,127.16,138.04
51.76,7.9,66.31,29
42.64,215.97,137.63,16.8
96.97,157.86,105.99,152.35
99.85,320.52,167.86,148.57
104.59,319.28,43.85,138.9
37.78,225.26,126.55,6.99
101.59,119.89,151.78,156.6
102.01,244.62,86.63,141.74
98.41,387.45,15.21,146.63
110.77,225.83,49.21,141.36
59.93,130.57,69.1,42.66
21.09,253.65,8.39,18.12
89.76,393.84,187.48,130.55
98.17,76.52,73.87,148.85
19.83,274.42,153.56,14.22
54.04,220.43,189.79,23.17
82.62,282.09,9.89,115.55
92.64,193.21,116.2,134.16
122.6,102.66,162.66,75.11
70.91,222.61,42.35,72.85
27.33,178.18,51.56,12.49
104.65,313,42.16,155.59
80.58,46.95,126.4,96.21
40.54,170.96,162.93,7.04
84.42,147,190.38,107.91
35.14,73.63,84.82,19.45
40.06,228.15,35.61,14.81
9.5,301.08,29.16,11.57
43.72,30.07,118.15,18.16
20.97,151.4,127.8,19.57
8.3,189.11,37.42,12.84
17.31,89.36,101.76,19.58
56.93,197.48,61.88,33.5
121.4,247.66,178.03,85.95
25.35,327,187.3,18.4
86.7,179.76,20.33,124.55
100.75,268.94,194.12,152.18
31.35,212.71,172.36,28.41
71.87,154.97,36.8,69.99
118.88,333.45,190.26,101.36
63.47,238.77,187.56,43.21
57.95,72.15,138.35,33.38
103.87,213.23,128.97,151.64
30.99,388.52,157.12,15.49
39.16,271.94,91.32,18.04
63.23,54.54,63.87,46.93
103.93,369.96,90.12,138.52
63.95,298.85,41.92,53.36
123.62,364.01,143.65,65.19
85.08,303.48,22.67,113.6
118.1,332.86,70.39,99.58
29.31,321.51,146.85,22.21
98.59,99.33,195.63,137.37
31.59,223.78,41.76,6.42
16.95,253.14,25.23,19.48
91.26,194.64,133.58,137.38
42.1,170.65,54.25,8.57
119.84,258.47,37.21,94.97
42.52,64.57,138.01,24.01
102.79,358.66,109.56,148.44
50.86,65.54,181.52,24.74
38.14,5.87,9.69,21.37
13.82,357.14,125.18,11.02
76.08,11.88,61.51,77.74
5.12,342.74,93.93,1.57
83.82,183,62.67,105.02
117.2,243.96,11.21,123.19
82.92,279.86,78.21,111.49
25.77,145.61,148.77,2.78
43.18,355.35,186.34,15.07
117.5,343.59,34.47,105.68
34.23,211.33,93.54,15.12
21.33,202.08,36.3,25.43
27.99,36.24,28.87,16.47
61.91,28.04,52.91,45.16
106.87,218.63,25.13,151.96
31.77,5.6,56.79,19.66
21.69,282.22,154.71,21.92
16.47,39.64,98.81,20.05
61.43,132.67,79.19,33.81
20.07,15.66,192.03,9.22
66.29,259.62,39.07,48.29
66.89,105.87,80.31,60.27
105.85,199.01,127.13,153.66
54.22,58.56,83.14,23.9
88.98,48.6,166.17,127.19
59.81,217.5,147.74,29.81
40.78,58.69,15.51,10.64
76.38,115.82,185.29,88.76
30.33,259.86,123.75,13.71
21.81,118.94,108.95,11.91
49.12,20.55,124.32,20.24
110.89,267.01,142.28,141.16
92.4,38.25,65.99,141.94
20.43,226.12,102.09,10.16
30.21,136.03,87.72,14.77
52.6,319.62,72.82,16.38
83.58,58.54,177.71,110.4
40.6,176.04,59.78,11.83
24.03,77.31,144.07,21.8
39.52,85.36,60.22,13.6
28.29,106.75,98.46,15.86
63.35,3.36,146.3,51.88
30.93,141.27,160.32,8.8
37.24,17.86,37.86,9.5
76.14,254.32,100.89,89.89
90.54,256.09,146.46,127.92
86.52,311.25,46.18,131.92
29.91,117.27,141.94,21.19
101.95,99.98,123.62,150.68
58.85,54.39,69.43,39.69
62.03,35.97,1.42,43.05
115.76,322.82,120.17,126.96
55.79,184.32,89.9,35.25
63.89,16.77,53.21,44.76
99.31,117.21,199.52,149.92
82.2,8.36,46.49,104.98
16.35,182,192.08,0.28
69.59,365.82,81.98,65.79
64.91,88.75,28.44,49.83
15.63,114.88,37.17,8.85
22.95,171.6,194.36,21.19
41.92,284.03,117.44,18.76
40.48,43.7,11.52,20.84
23.43,359.07,184.96,16.85
117.62,288.91,61.53,97.56
38.74,38.33,94.26,15.76
34.41,123.8,60.37,17.08
104.17,194.99,127.84,148.15
56.09,229.72,0.94,35.4
21.75,318.7,87.96,4.89
98.05,88.94,17.02,146.22
102.13,175.63,112.99,155.41
92.82,182.25,164.8,140.69
27.69,84.7,173.03,14.31
111.97,353.46,5.4,129.9
85.92,8.22,7.05,116.66
112.45,39.21,117.36,140.07
94.86,178.72,89.67,145.13
36.58,178.69,55.03,12.14
25.47,10.12,17.43,13.56
79.62,97.44,157.23,96.1
75.3,270.48,75.95,81.78
70.19,79.7,193.92,71.08
59.51,141.07,137.02,42.54
5.9,160.54,197.02,3.76
116.78,25.97,43.35,107.87
59.87,364.78,192.88,34.45
113.11,205.42,70.99,126.76
41.62,174.18,156.33,2.39
62.63,119.6,182.57,52.58
33.33,7.17,139.48,14.77
17.37,122.54,194.34,13.64
90.66,265.95,111.89,123.79
68.63,397.28,15.35,62.37
73.19,281.94,172.73,74.27
118.64,305.82,165.06,114.31
121.28,178.73,140.36,77.39
64.19,209.53,36.27,47.75
89.16,299.88,91.76,131.06
89.94,25.13,61.23,128.89
69.17,42.91,179.87,61.98
109.81,2.58,79.12,141.53
7.76,264.02,168.45,8.61
21.87,336.75,104.14,19.89
82.86,220.27,10.78,110.83
11.3,139.42,145.42,15.77
57.23,158.19,154.47,33.15
92.52,182.01,140.84,140.69
92.04,308.57,88.48,137.46
11.66,55.75,155.01,10.62
110.47,398.54,64.54,143.93
35.32,24.61,173.72,27.13
123.86,363.5,9.83,64.69
82.68,243.71,160.38,109.2
50.62,91.16,84.46,21.79
79.92,98.13,126.45,101.38
71.69,362.94,194.12,62.46
89.46,349.84,80.52,127.97
42.16,220.51,20.71,23.38
40.9,160.29,152.23,15.59
9.56,11.4,160.95,10.73
68.93,205.65,180.94,68.27
78.18,191.65,195.35,102.97
75.36,219.25,55.18,82.04
103.99,248.05,13.09,156.62
34.35,9.07,15.71,10.86
84.96,274.57,125.2,117.18
35.86,388.96,195.03,16.95
109.27,111.61,50.33,143.36
93.54,221.94,154.44,143.89
124.4,99.92,80.58,63.29
49.66,160.98,10.81,19.04
100.69,189.5,59.7,146.64
112.75,111.06,124.9,128.84
24.09,237.12,155.04,10.51
103.09,258.36,43.23,151.75
29.73,364.74,92.57,13.55
47.14,340.91,161.73,17.4
81.18,165.35,65.79,102.64
23.97,373.93,91.23,16.25
18.99,166.32,173.65,15.23
106.99,101.68,107.52,142.18
47.86,176.19,64.72,23.82
116.72,202.82,33.46,110.44
54.64,79.93,155.27,23.11
109.57,296.32,139.9,138.57
14.3,340.36,97.28,13.78
52.42,316.65,116.91,23.6
48.1,267.55,25.26,22.38
123.56,359.73,101.39,62.29
68.33,186.13,197.58,57.71
82.8,110.37,113.56,114.52
40,127.32,179.23,8.68
38.92,54.81,113.64,6.51
47.08,380.37,64.69,22.57
117.02,169.71,182.16,116.32
85.98,186.41,6.69,122.83
102.43,347.89,156.5,144.33
62.51,70.68,99.23,48.58
22.59,375.32,3.16,7.88
112.39,218.12,36.81,127.43
85.86,215.49,68.7,115.62
41.38,265.65,139.14,14.95
61.07,195.81,164.34,43.52
112.21,221.36,84.87,135.77
103.33,238.07,62.52,151.99
100.33,342.88,126.86,152.71
67.73,149.8,16.93,56.87
79.08,92.26,131,88.31
90.72,128.46,32.47,135.55
77.76,386.71,36.14,91.45
58.79,310.61,162.47,38.82
79.32,270.8,97.39,94.26
104.05,302.34,8.69,155.25
42.04,111.9,50.62,14.44
67.97,94.98,29.92,63.55
54.94,70.4,150.05,24.73
93.48,389.68,55.5,140.89
122.42,80.77,9.52,75.49
35.08,330.63,93.5,11.5
84.36,47.97,138.91,121.58
22.05,265.6,199.15,17.55
115.88,199.48,81.74,122.54
26.91,175.64,157.7,14.54
71.93,301.94,15.97,64.68
19.59,202.31,164.26,12.59
38.56,302.24,193.5,20.43
117.14,337.08,57.78,120.25
114.01,326.37,153.54,128.41
17.91,47.67,30.78,11.45
88.32,263.15,94.58,127.22
98.71,239.58,36.7,150.19
8.72,121.86,119.28,11.28
43.36,338.04,16.4,13.84
114.07,279.16,69.32,125.95
116.66,393.55,103.78,117.42
115.1,327.72,182.54,108.88
27.21,43.74,67.09,16.04
35.8,340.07,165.08,21.72
48.76,11.31,116.87,15.63
72.59,52.75,33.34,72.86
101.29,219.88,78.16,135.43
87.12,68.16,154.93,127.3
99.01,258.1,194.39,144.95
64.07,54.87,132.91,49.24
84.9,99.56,98.69,119.23
12.32,200.71,66.21,8.9
80.22,21.65,136.42,97.81
108.55,338.33,59.4,137.96
36.82,107.38,70.74,11.46
36.28,123.72,122.65,12.49
10.1,32.45,172.47,12.02
48.7,214.84,91.5,27.37
66.11,100.65,67.38,49.25
28.23,276.01,4.23,18.01
112.93,383.71,52.65,137.55
106.39,394.91,34.1,150.7
10.28,70.38,165.92,13.13
105.73,85.29,28.41,137.37
25.17,376.52,92.85,9.64
5.36,134.06,10.31,9.46
49.96,19.5,37.85,12.51
77.28,330.02,150.77,90
78.48,386.27,53.21,89.26
63.29,311.37,136.66,36.55
32.49,348.06,173.85,8.61
34.89,251.06,147.69,22.09
93.96,255.88,119.73,142.97
22.65,297.03,160.07,2.98
59.75,97.52,193.19,45.12
124.16,330.18,61.18,55.75
87.24,265.07,191.16,121.47
51.04,23.62,8.46,31.03
47.56,354.2,103.06,14.25
94.98,104.38,86.77,146.05
107.17,326.7,177.83,156.33
112.03,66.89,47.7,136.62
60.41,284.67,100.22,33.97
60.35,380.03,32.73,45.94
70.61,136.89,147.22,70.78
112.09,144.74,52.56,134.93
25.05,240.66,26.16,4.1
31.95,117.5,100.59,15.87
75.06,303.48,74.74,80.26
95.17,124.89,70.74,139.29
120.38,250.54,32.66,93.44
105.91,46.13,167.38,157.36
16.05,147.89,71.82,10.16
49.48,29.7,118.63,18.24
65.75,175.55,157.31,57.84
10.4,277.92,163.67,9.49
89.64,372.47,171.14,134.43
119,289.16,168.9,106.28
32.85,165.52,54.97,16.05
114.79,69.14,26.76,122
8.48,46.52,176.36,4.08
110.17,333.81,161.4,136.17
44.08,369.69,182.22,14.42
46.12,179.03,79.82,19.82
18.69,137.7,151.46,15.35
12.02,3.58,62.44,5.77
122.3,46,172.8,81.95
107.11,161.45,147.56,148.92
103.45,313.28,74.47,144.66
15.87,348.47,115.16,7.38
52.12,249.62,144.63,20.77
40.84,170.69,7.66,18.3
98.65,367.23,41.9,151.37
6.08,69.98,75.31,10.24
30.81,39.63,38,14.09
123.02,39.71,34.92,57.77
22.53,390.73,140.25,20.07
100.09,187.36,107.97,147.71
31.11,311.72,98.01,16.45
95.71,161.59,185.9,144.71
50.26,325.01,84.91,14.87
45.64,223.78,106.99,21.9
7.04,140.21,176.74,9.19
81.24,379.2,56.99,114.43
48.82,167.2,73.29,20.97
64.73,212.88,134.17,41.1
18.27,391.1,176.12,16.94
53.98,10.96,78.5,26.17
24.99,200.11,78.48,12.78
39.1,222.96,174.49,11.51
92.16,151.21,197.38,131.65
47.5,146.23,26.53,17.97
50.2,399.03,32.66,21.24
84.54,208.1,97.68,110.98
25.89,19.43,135.1,17.78
43.24,371.59,165.61,14.43
14.24,287.27,144.62,3.39
114.73,367.4,34.76,120.1
27.03,245.45,195.14,9.99
10.22,333.71,57.17,6.17
8.12,334.16,195.27,14.15
33.51,382.6,39.4,10.18
14.72,198.38,25.85,10.33
64.25,124.83,58.98,53.67
71.51,353.12,99.69,69.57
83.7,46.36,46.47,113.07
99.97,253.92,110.63,146.62
97.69,256.92,105.04,148.52
102.91,48.89,22.21,155.71
35.5,270.42,4.39,17.38
113.41,119.42,119.12,128.91
16.17,399.07,44.93,7.77
124.58,219.72,192.38,43.26
73.43,163.22,72.73,78.53
52.3,94.37,133.73,21.91
114.37,191.04,65.17,121.89
102.25,213.04,37.79,154.1
37.18,18.25,84.15,8.76
26.19,385.89,15.41,16.74
88.38,248.24,179.71,131.33
122.66,14.98,28.21,71.72
53.86,250.34,185.98,35.97
123.38,377.45,132.15,66.5
95.11,38.87,155.1,146.33
41.56,138.19,72,11.69
104.71,99.66,26.52,154.37
20.01,56.68,146.71,11.7
61.31,93.97,146.07,40.78
117.44,41.71,148.05,99.13
93.66,129.28,172.88,145.98
24.15,183.98,68.01,14.94
31.53,228.37,5.92,18.33
118.94,184.07,32.72,106.85
98.95,155.03,96.4,149.22
23.91,355.14,34.39,16.87
31.23,274,8.06,18
45.1,287.42,153.91,17.57
27.63,289.27,182.3,12.1
39.46,122.43,185,16.63
111.13,80,130.85,145.14
16.29,320.25,4.07,20.31
92.46,367.97,135.2,127.57
42.76,28.35,166.16,19.49
54.28,98.37,97.57,35.1
76.86,392.5,126.72,86.04
114.85,241.71,138.41,126.64
102.49,12.86,38.79,151.27
115.52,394.63,97.09,118.42
60.47,351.78,107.52,43.33
108.25,76.51,196.71,146.8
23.19,19.86,143.36,16.1
89.88,176.01,152.01,136.34
33.09,207.14,96.25,3.87
111.91,396.12,97.08,136.65
75.9,354.33,143.33,84.88
28.05,249.19,49.8,18.73
92.34,113.05,151.03,150.19
11.54,316.74,161.09,13.11
12.92,175.5,115.91,17.82
119.9,86.11,87.29,93.51
55.43,301.89,101.43,29.45
26.73,74.42,0.23,21.11
102.07,18.37,41.86,150.44
46.42,373.57,128.22,10.76
53.92,382.86,19.73,23.23
57.41,265.06,156.32,26.31
17.97,364.44,76.35,13.83
103.21,338.56,98.02,146.2
13.76,174.57,54.01,14.95
91.38,151.53,8.67,139.3
85.5,135.06,82.94,124.41
102.19,181.51,82.41,145.24
99.55,50.16,112.95,149.32
85.62,255.92,119.6,122.93
80.64,103.41,88.97,96.63
48.16,316.17,93.94,17.28
92.88,49.68,134.2,142.96
73.79,210.66,185.95,79.96
96.25,25.5,173.48,146.63
5.6,9.8,42.18,4.15
123.92,331.64,89.52,68.28
72.71,264.27,133.21,77.27
22.35,187.54,73.82,15.49
54.1,32.76,60.95,25.71
70.85,271.75,178.75,64.12
22.89,162.36,85.44,11.23
50.74,212.25,19.8,16.04
43.06,235.9,79.93,17.1
61.67,249.02,144.22,44.33
56.81,364.63,108.39,24.19
13.1,202.46,18.74,8.53
111.61,188.21,172.7,133.06
24.81,246.34,25.85,22.19
70.73,88.34,163.32,69.9
71.27,309.05,69.68,68.71
89.58,296.72,131.43,134.18
116.96,36.92,74.56,115.86
57.05,372.22,4.85,28.58
86.88,134.55,186.5,124.87
47.2,362.77,60.25,22.73
18.33,202.64,5.88,23.05
119.78,246.86,146.12,97.87
80.82,381.6,92.87,105.35
14.9,283.69,184.95,9.4
68.81,171.33,20.21,66.24
116.54,298.27,29.09,105.96
55.97,374.66,75.96,37.66
43.54,151.1,175.45,7.89
36.46,242.8,133.25,16.59
90.84,18.43,183.88,136.9
96.37,166.78,150.42,135.38
41.32,268.07,38.03,19.03
17.13,323.61,98.74,8.56
109.45,383.36,116.34,134.01
106.27,1.67,146.98,147.28
30.03,94.94,148.51,17.31
11,262.35,136.87,15.63
65.09,81.25,40.66,39.02
61.85,206.14,94.93,39.85
14.78,189.95,121.61,10.06
30.57,364.37,165.42,17.59
119.42,340.86,194.81,101.09
34.11,360.97,175.68,11.92
116.42,281.26,42.84,112.28
45.58,207.34,44.07,13.01
67.67,62.88,14.93,53.42
117.32,299.88,2,107.34
83.1,33.57,93.89,111.16
32.25,345.37,196.57,0.93
38.68,242.1,99.74,8.7
16.11,153.19,125.89,18.24
28.83,245.14,169.88,5.94
40.18,121.39,145.15,18.25
65.51,52.49,23,45.72
107.47,52.62,57.32,141.26
82.38,111.51,6.01,112.28
103.75,307.05,134.22,151.68
59.03,191.73,64.36,29.2
54.7,352.32,33.76,19.99
114.55,317.38,159.74,123.84
87.36,92.57,126.43,121.76
101.83,155.6,30.53,154.97
45.34,340.99,132.38,17.96
13.88,127.2,27.29,16.27
96.13,1.72,140.17,163.68
90.9,188.78,67.62,130.09
57.35,359.93,9.42,38.28
30.69,359.84,57.8,11.55
43.66,364.4,2.9,22.93
111.37,391.57,133.14,134.46
53.44,43.56,167.58,25.6
69.29,237.31,196.36,71.62
42.4,313.28,137.66,16.53
23.07,210.94,148.9,18.98
60.77,70.27,173.01,47.99
60.89,183.89,0.83,31.61
119.18,302.56,134.47,97.4
10.52,313.67,162.4,10.98
7.64,299.67,156.4,10.25
113.17,278.49,109.34,131.11
121.04,226.55,175.63,85.69
13.22,7.14,22.06,9.04
65.15,369.17,114.64,49.52
64.43,12.75,49.86,47.81
110.35,379.43,36.66,147.27
116.36,352.29,113.5,125.6
85.8,87.79,94.59,122.16
95.05,358.33,172.93,135.59
15.27,330.52,130.24,23.53
48.94,348.77,117.93,17.22
22.83,99.4,1.34,18.09
99.19,309.32,156.94,155.57
121.64,82.82,122.63,76.9
118.82,128.75,5.66,98.76
91.62,339.96,112.12,142.98
86.82,184.05,116.91,116.84
52.18,230.4,120.55,31.18
55.85,230.88,38.6,37.73
26.31,384.82,107.63,21.43
121.7,108.02,93.04,85.35
39.76,238.18,179.4,10.44
60.53,39.15,36.43,38.46
88.5,164.03,102.05,120.92
118.22,161.49,7.61,109.23
108.07,17.65,194.34,140.97
122.72,175.58,22.2,70.1
98.29,0.37,65.64,154.23
116.12,192.36,2.45,114.5
32.91,208.12,126.68,25.67
27.93,385.77,26.64,8.6
85.68,192.25,19.54,117.04
25.41,124.05,149.26,20.76
84.6,118.4,144.39,121.73
110.71,319.93,119.86,137.99
120.26,285.5,98.09,85.89
54.46,385.76,80.13,30.83
72.17,319.82,184.5,65.5
65.33,386.91,51.55,47.29
116.48,144.25,174.74,116.69
63.59,340.02,147.21,47.04
66.05,182.17,83.41,58.33
60.11,124.81,32.86,34.74
120.8,20.69,87.93,84.68
77.04,73.55,69.54,92.42
25.11,280.36,78.54,28.31
84.12,36.58,73.94,113.19
24.51,105.22,159.51,17.46
96.91,379.62,11.47,140.35
86.64,88.19,137.23,124.13
118.28,335.89,159.42,95.58
15.45,390.77,31.87,13.83
5.72,367.5,10.33,9.54
120.62,308.23,158.9,87.11
15.69,146.47,105.18,2.94
44.44,233.85,31.4,9.15
68.99,359.9,162.6,67.03
21.03,23.61,67.7,11.44
78.12,114.67,168.48,93.07
89.7,148.77,32.36,138.57
59.57,192.2,158.67,31.14
45.82,146.59,89.1,14.92
20.91,81.36,95.28,15.9
56.15,15.37,138.09,36.67
57.53,240.05,16.76,41.09
83.64,262.28,45.48,115.26
13.64,307.09,100.63,10.5
59.09,247.27,186.25,40.52
115.34,309.62,101.87,114.53
38.44,44.57,4.74,11.45
24.57,161.14,172.04,12.21
109.93,162.49,147.63,136.67
79.44,111.08,99.38,95.43
85.26,363.74,160.85,117.75
38.98,249.96,56.88,20.79
13.7,20.15,121.29,8.53
109.15,123.62,95.28,145.33
37.36,124.87,97.43,7.79
18.87,170.78,108.43,22.03
48.88,272.57,188.22,20.68
52.66,124.17,60.93,22.56
108.13,332.64,103.8,147.57
65.45,66.13,26.32,56.97
29.97,236.93,115.62,16.9
24.93,372.88,91.97,1.85
75.42,44.48,115.93,86.15
23.37,282.86,88.41,17.95
86.16,42.68,21.39,119.94
73.73,207.3,78.52,77.79
6.5,17.54,71.58,5.66
116.6,105.69,77,110.99
48.34,222.68,115.58,11.76
65.57,160.13,56.37,56.74
17.01,217.32,114.91,21.67
31.83,143.73,198.33,12.78
39.88,22.77,67.14,21.59
62.27,243.25,189.73,50.73
35.68,269.14,126.65,23.63
41.8,287.37,66.62,11.15
75.66,21.78,46.26,85.85
75.12,91.76,46.36,85.2
112.27,13.38,21.25,137.61
56.27,215.45,18.61,31.63
5.18,158.14,32.13,14.75
74.27,88,159.12,84.81
88.2,333.98,165.17,126.44
33.45,279.49,2.86,10.64
24.69,37.96,120.53,14.98
5.3,54.05,68.26,7.84
18.75,264.36,93.21,11.65
87.6,352.72,172.04,116.35
38.32,74.26,191.16,16.14
19.11,325.49,77.05,9.05
7.52,330.16,195.64,20.65
38.02,312.97,180.45,23.49
19.95,179.82,138.3,14.91
59.39,370.05,82.49,32.12
124.76,271.28,127.35,53.07
13.52,276.38,158.24,12.08
92.76,185.11,156.03,128.32
118.16,322.31,108.4,115.66
99.43,119.78,105.57,166.44
70.49,337.69,105.97,73.38
55.25,293.27,106.16,37.47
32.13,358.24,159.98,17.9
56.03,207.18,55.22,31.7
90.24,11.45,131.04,124.02
74.57,161.69,178.09,74.82
123.2,45.44,155.86,63.29
45.16,285.77,173.17,11.69
110.05,88.02,37.3,145.44
24.27,256.3,44.12,16.41
46.96,87.39,101.1,21.65
95.35,221.51,68,142.78
30.87,271.95,31.49,16.98
41.14,199.76,160.7,17.08
122.84,7.36,130.97,69.39
42.82,353.66,116.22,6.78
85.2,177.22,95.88,115.7
67.91,86.84,166.34,50.27
19.05,209.71,58.05,14.22
72.35,161.24,149.32,76.09
89.1,375.12,40.14,130.09
71.15,72.77,101.48,72.86
9.2,52.25,160.85,7.72
6.44,95.42,195.14,14.65
14.06,211.57,123.94,2.01
37.66,399.63,171.98,15.35
54.16,11.91,93.77,32.85
72.47,78.95,79.95,79.53
10.34,265.11,30.55,2.51
117.38,299.92,26,102.74
69.53,39.02,148.84,74.47
113.35,364.24,165.78,122.95
114.13,269.66,155.37,127.55
87.48,23.66,48.35,120.57
124.94,7.8,144.74,60.4
27.15,106.15,60.21,6.96
101.77,72.53,140.65,146.97
82.32,229.92,46.66,106.73
67.07,8.93,188.72,54.21
67.31,342.2,20.1,73.19
81.42,376.75,144.85,109.66
106.93,327.21,98.51,147.3
70.97,147.82,90.57,65.45
45.4,133.71,24.86,11.25
27.27,253.27,165.77,22.13
9.86,126.99,91.52,15.12
6.62,333.57,110.97,18.43
116.3,110.67,193.26,124.82
37,333.68,33.74,15.43
115.16,94.01,40.24,126.1
8.54,107.65,31.82,6.31
43.78,248.02,87.58,19.24
23.55,177.79,67.38,15.41
48.58,359.19,86.56,17.92
42.94,246.33,72.31,16.78
5.42,84.38,10.46,15.52
53.68,141.95,156.85,22.96
68.45,42.78,185.2,49.94
25.59,7.3,0.54,23.34
8.06,55.63,51.07,5.88
93.9,366.06,9.79,149.66
11.6,180.92,49.96,2.79
26.37,29.68,130.47,20.41
70.25,5.08,100.11,59.15
19.71,144.24,18.23,5.68
18.21,88.24,195.33,8.27
108.79,139.08,69.67,143.02
105.55,229.41,105.06,145.29
53.08,106.84,155.3,17.45
93.12,199.73,127.18,144.78
100.03,338.39,10.13,155.7
105.37,216.13,36.27,150.73
36.88,368.87,142.98,18.27
19.35,27.64,195.6,3.4
44.14,85.62,198.97,29.02
95.59,174.99,105.16,138.79
37.48,12.71,47.04,14.9
95.65,28.62,145.17,149.13
41.68,184.15,35.93,14.79
77.88,138.28,158.28,82.07
69.95,148.28,127.18,59.38
83.4,394.26,123.27,108.02
8.84,85.71,80.99,12.28
118.46,281.12,85.55,98.17
10.76,140.95,168.43,6.14
45.46,44.06,51.51,7.13
22.23,360.67,25.34,13.77
72.11,249.17,147.34,69.11
26.97,25.84,77.53,12.83
73.01,101.35,170.04,67.02
80.34,396.3,60.24,98.73
56.33,92.79,191.7,29.39
111.73,168.31,192.63,131.24
11.84,198.88,154.01,12.09
7.7,155.77,198.18,9.86
12.86,123.94,146.04,17.19
17.67,175.03,17.46,18.66
8.36,112.24,93.66,6.34
38.2,73.32,154.92,14.9
9.32,392.38,171.75,11.97
73.49,51.93,112.13,74.93
97.93,177.4,43.92,143.53
16.41,323.87,72.85,12.95
13.58,135.64,120.27,19.38
59.45,48.43,28.65,39.12
53.26,324.65,25.95,29.98
13.28,137.81,144.32,11.26
10.04,143.94,61.39,11.75
94.08,125.06,195.28,137.24
109.69,54.81,30.98,142.91
37.96,299.79,173,15.89
100.81,34.97,42.48,150.75
64.49,342.16,11.06,52.68
15.33,6.85,53.96,16.67
20.31,311.79,133.08,17.96
32.19,316.38,96.4,11.09
79.56,308.6,59.9,87.34
56.99,6.48,180.33,39.5
78,104.21,1.48,94.04
11.06,91.78,199.94,14.96
123.44,121.27,4.86,62.33
49.72,59.59,114.76,19.87
80.46,52.54,39.55,102.76
11.36,100.68,166.72,12.6
31.47,56.99,7.75,11.91
9.68,367.5,14.53,0.34
112.57,330.54,81.77,133.45
77.4,170.03,154.15,92.05
60.59,241.95,163.98,40.52
107.77,269.38,167.7,155.41
106.09,302.37,153.17,147.73
102.31,231.98,190.19,152.32
51.22,113.44,12.06,29.2
64.85,299.72,125.04,51.71
28.71,318.19,158.22,8.91
19.53,329.1,72.25,15.83
106.45,377.47,155.02,142.33
21.45,64.38,7.08,3.13
98.89,264.23,156.6,152.37
12.26,333.53,165.83,9.41
101.47,259.33,119.51,156.84
45.88,108.85,37.82,20.29
20.37,97.1,129.3,15.42
92.28,325.05,16.24,133.89
124.7,302.43,0.98,51.06
10.88,5.09,101.28,5.72
7.16,98.9,142.63,5.74
92.94,183.39,90.32,140.71
105.13,355.45,141.91,155.4
32.31,144.51,106.3,8.86
48.46,53.05,174.67,21.65
81,359.76,154.14,99.24
96.19,6.5,163.85,145.07
5,299.17,63.41,2.02
93.78,164.09,85.71,135.73
71.57,82.11,15.23,76.8
71.99,321.63,69.72,77.11
78.84,223.46,40.44,99.12
10.16,222.77,90.75,12.89
111.07,76.91,13.64,139.9
46.06,179.33,97.27,22.8
124.52,183.8,79.19,71.21
68.27,368.5,139.37,63.2
51.7,125.86,188.91,16.82
92.7,55.33,93.1,139.76
81.96,304.86,189.87,101.58
99.91,125.57,165,153.2
124.22,231.46,30.4,62.97
29.67,60.13,23.34,18.05
108.73,30.25,42.09,145.22
83.04,90.52,114.99,105.52
85.56,373.88,117.13,122.05
11.48,293.67,50.74,8.19
46.78,256.71,186.55,9.46
83.46,199.62,168.97,116.14
55.07,343.61,182.5,23.59
8.96,189.56,196.24,10.27
56.63,23.27,29.83,36.73
86.34,85.1,155.65,119.82
18.81,92.38,175.11,7.54
14.12,325.61,151.95,18.17
70.79,23.3,18.09,73.44
27.81,229.99,175.5,9.54
90.36,107.31,33.52,124
74.03,160.02,87.68,77.7
114.67,35.82,142.93,131.84
94.8,184.76,166.56,140.36
101.17,308.91,21.08,152.37
113.65,364.67,150.14,128.89
5.54,61.98,105.9,3.7
32.37,341.09,46.01,13.43
47.98,310.07,114.56,20.01
20.73,61.36,12.34,11.19
58.43,218.62,8.41,31.97
28.77,266.99,163.76,7.92
59.99,166,163.12,46.68
60.95,344.4,34.27,40.55
107.29,196.2,111.2,149.36
79.2,39.2,116.97,99.67
33.03,85.82,113.88,14.4
81.3,114.21,180.45,108.69
75.6,226.99,96.34,90.29
62.99,26.28,79.78,40.3
35.56,54.92,153.48,17.2
49.84,117.54,48.17,16.76
121.46,118.15,18.78,93.07
57.59,19.44,195.94,24.71
49.36,152.6,59.66,16.7
37.84,316.3,17.01,17.13
77.58,246.57,185.95,99.45
47.32,308.81,184.71,17.35
88.68,209.63,75.03,126.69
87.72,98.64,26.86,123.39
74.21,136.02,44.01,80.81
67.37,289.66,71.72,57.13
27.75,209.75,81.7,20.67
45.52,97.79,137.19,16.55
96.67,283.93,123.52,144.49
26.85,190.9,0.89,17.46
63.53,270.16,8.4,37.81
52.48,155,64.78,22.27
49.6,263.07,154.85,15.73
67.61,71.59,21.63,59.93
63.71,393.62,148.18,59.4
96.61,213.88,44.91,152.68
94.32,302.34,189.31,137.4
96.55,218.44,198.98,145.94
113.95,285.36,54.69,122.14
106.69,99.84,71.39,152.39
108.01,83.13,169.42,144.15
79.68,360.5,91.59,96.77
58.61,385.84,65.42,40.38
9.98,281.69,46.33,12.32
75.84,212.03,115,77.46
54.34,318.63,104.64,30.71
98.83,374.54,80.05,143.6
45.76,362.67,37.7,21.16
97.03,245.87,48.7,147.62
8.66,55.6,152.67,18.2
13.34,167.09,86.52,11.54
73.91,6.84,79.07,77.96
61.49,185.51,137.06,38.79
106.15,155.49,149.22,150.14
54.88,160.54,101.4,29.76
78.36,13.3,152.7,99.76
35.74,359.51,151.37,8.91
111.55,58.58,131.54,148.61
26.25,185.26,24.84,17.91
28.59,30.12,93.02,13.47
66.95,230.89,119.05,56.67
59.15,300.96,126.6,37.65
55.19,370.17,189.79,28.62
118.58,136.96,180.22,106.98
33.99,262.55,121.36,15.68
93.36,84.59,106.78,140.61
91.98,69.47,53.56,140.65
120.44,283.29,124.92,89.93
44.62,28.07,19.49,13.06
15.75,164.04,94.14,15.04
74.45,284.7,41.22,75.03
7.46,88.88,121.14,9.46
48.28,101.21,10.75,27.44
10.64,198.61,81.06,12.68
121.22,107.49,16.79,85.34
77.82,205.29,145.15,95.79
58.01,223.94,75.7,32.96
86.22,270.14,71.24,116.47
118.4,375.58,191.96,92.05
71.09,228.15,106.95,69.81
74.81,261.87,70.74,69.9
86.94,375.5,11.19,122.64
122.54,361.61,88.58,68.96
35.44,188.65,72.98,20.67
25.71,285.08,106.97,17.33
76.8,170.26,178.52,91.19
6.74,185.18,91.75,8.2
78.54,204.36,164.59,87.52
84.66,266.78,32.9,119.73
114.31,272.36,167.17,125.32
62.21,120.71,63.92,44.38
15.57,346.43,131.7,15.65
101.89,19.8,163.86,157.2
77.34,268.32,58.74,93.9
80.7,294.25,134.1,107.48
89.04,371.56,50.39,131.52
60.23,80.06,75.6,37.95
34.95,379.89,196.24,12.61
62.69,61.85,64.78,46.77
71.33,204.62,39.06,66.13
67.43,21.51,154.99,57.11
40.72,94.71,199.47,21.87
50.5,115.96,31.28,17.75
44.92,301.48,122.4,18.16
19.47,125.4,159.05,18.33
49.42,169.42,123.08,6.72
124.34,222.96,81.84,54.26
103.03,166.78,151.54,145.49
74.87,295.07,19.53,71.47
93.3,41.01,106.29,129.58
90.6,89.77,81.52,133.45
102.73,268.28,81.03,145.31
61.55,36.65,29.75,37.19
78.06,113.01,20.62,86.63
69.41,20.55,147.11,60.49
11.72,195.66,163.22,16.56
100.39,313.12,189.39,151.44
39.58,120.77,13.57,16.94
75.54,206.2,127.11,78.88
75.96,221.76,63.8,93.09
58.91,225.57,51.07,43.59
62.33,114.92,178.71,43.29
68.39,103.42,88.9,53.91
98.47,13.84,71.08,155.45
121.82,166.85,62.05,76.01
91.92,365.33,117.22,140.18
58.55,395.44,162.97,33.86
105.43,253.18,73.95,156.82
56.51,10.64,35.1,29.71
49.54,78.87,84.26,17.69
48.52,306.87,19.96,21.62
32.67,177.47,190.99,13.61
21.27,296.02,67.29,13.2
9.74,83.86,35.7,11.6
104.53,289.66,50.07,147.39
32.07,307.32,152.52,21.88
29.13,223.5,77.63,21.2
15.99,184.57,146.86,13.38
68.03,358.01,7.09,59.11
109.21,232.36,159.04,138.82
89.22,230.73,145.51,128.03
87.96,144.05,13.92,122.95
41.2,221.4,111.98,13.92
8.9,182.92,150.85,4.21
83.28,55.04,36.61,114.25
57.83,249.03,141.95,31.12
94.5,123.25,135.75,142.47
117.74,146.12,135.21,109.27
22.11,88.44,176.64,13.41
7.34,95.19,182.87,2.47
96.07,97.77,69.62,146.59
45.22,252.18,24.49,12.39
113.47,276.92,39.23,134.33
105.67,378.91,88.84,150.5
64.13,4.94,93.11,48.94
99.37,326.72,73.42,153.53
49.78,196,70.65,18.79
16.89,96.62,111.99,10.67
60.65,270.13,57.68,31.56
32.79,158,160.18,20.49
46,141.91,191.75,17.07
51.1,201.52,131.53,19.12
113.53,44.88,133.52,139.44
108.61,81.9,181.87,145.51
49.18,340.01,108.93,12.84
30.15,25.4,107,9.5
71.39,116.04,6.07,59.19
55.01,127.31,44.79,27.27
94.92,165.82,133.04,153.05
42.46,89.68,7.33,15.22
12.08,192.14,92.68,15.41
30.45,281.85,127.55,4.43
119.66,389.79,148.24,93.32
63.65,137.46,74.35,50.69
41.74,208.52,156.34,11.55
120.14,389.3,61.74,89.86
10.58,139.81,45.12,10.26
56.39,63.29,71.47,27.89
119.36,95.73,92.21,94.86
120.08,316.24,47.81,92.25
50.68,340.29,0.53,22.04
35.38,160.22,88.12,6.7
82.08,4.32,70.83,101.55
85.02,127.24,112.63,117.27
5.66,247.98,12.16,10.06
29.19,175.41,71.3,14.54
22.47,176.98,69,19.53
69.47,257.27,124.27,63.49
76.98,253.91,21.62,83.16
109.75,341.7,73.67,146.29
46.9,399.25,39.69,23.3
102.97,151.57,19.68,149.8
117.56,221.15,116.29,107.8
46.84,225.32,81.02,17.75
56.57,59.53,105.69,24.07
14.96,134.29,4.28,17.03
59.21,116.45,50.9,26.75
99.61,165.23,168.94,149.99
20.85,37.59,31.14,4.36
25.53,154.99,44.95,16.65
117.8,218.82,67.6,104.51
67.85,258.5,74.6,55.66
36.4,258.78,35.59,18.13
86.4,230.1,33.04,134.15
66.41,215.45,16.74,54.06
51.58,244.07,27.55,18.06
109.87,258.43,129.3,145.06
51.16,355.77,175.38,14.79
80.28,188.13,21.87,92.33
77.7,240.2,94.12,99.23
93.18,233.7,155.98,149.3
124.04,273.69,157.5,60.6
36.76,41.07,102.92,18.67
6.32,16.95,38.82,8.42
26.79,278.12,52.62,13.58
82.14,278.59,160.48,111.02
84.24,198.51,21.99,110.62
106.03,94.95,182.23,157.45
25.83,247.74,40.3,7.11
31.29,270.29,118.58,12.74
33.87,32.68,115.84,15.38
18.45,340.05,26.63,14.47
60.17,6.07,38.22,39.64
79.14,212.46,157.17,86.76
108.91,398.27,180.12,147.26
66.17,34.1,20.49,46.87
122,141.81,4.51,81.98
10.82,348.93,131.41,6.73
65.99,11.86,133.33,41.51
69.71,307.26,176.29,72.68
71.03,12.51,37.16,73.49
100.21,340.63,183.14,146.69
84,129.95,165.77,115.2
47.26,354.35,160.84,15.21
112.63,30.79,135.4,139.13
65.27,44.28,189.22,46.7
14.6,27.6,1.58,4.16
71.45,21.97,21.7,80.04
108.19,309.48,163.99,143.89
124.88,219.12,12.15,47.84
52.84,380.09,77.62,29.52
40.3,256.9,116.82,10.25
47.68,268.02,159.83,20.48
78.24,103.55,158.22,98.71
83.22,98.01,144.24,113.22
105.01,258.83,165.15,150.48
81.12,195.07,60.11,101.48
34.71,136.12,171.96,8.36
39.04,168.06,21.39,14
73.97,394.08,180.04,77.26
72.65,179.82,75.68,68.2
53.56,391.52,60.53,19.8
36.22,255.41,36.38,7.66
43.48,295.92,25.24,18.46
93.84,367.11,55.32,138.34
112.33,107.92,186.9,132.31
97.81,279.87,83.69,145.56
74.51,21.4,36.14,73.28
52.9,9.76,4.16,27.31
12.2,66.36,135.79,9.65
49.9,249.03,12.74,26.66
106.51,181.22,133.85,148.65
70.37,263.78,179.42,71.38
55.31,179.55,164.12,38.13
12.44,169.89,155.67,12.42
44.86,352.63,61.31,15.03
121.88,22.3,73.7,81.75
43.6,33.45,45.19,21.95
27.57,301.2,198.07,13.88
21.51,159.6,164.54,12.18
44.8,143.74,150.99,7.87
61.61,97.23,18.56,48.05
54.82,225.46,126.12,23.67
57.47,128.46,66.33,36.58
8,310.59,103.97,16.03
87.9,146.79,148.1,126.99
107.59,217.86,86.26,144.31
64.97,287.86,166.11,40.91
58.07,163.21,125.85,37.48
51.88,126.73,177.83,17.95
78.66,288.93,178.92,92.99
125,274.3,130.43,43.02
5.24,254.04,67.43,13.57
65.69,103.41,58.8,51.68
108.49,313.24,161.89,144.65
21.21,296.32,84.71,13.65
99.25,274.36,161.36,152.17
114.91,374.09,188.66,116.24
32.01,336.09,106.46,17.23
65.63,70.24,118.61,48.65
70.13,171.8,140.55,60.74
55.73,7.91,52.11,23.57
112.51,23.49,133.94,133.44
23.67,348.28,49.79,14.37
87.42,165.62,18.24,126.09
98.53,94.9,28.73,157.83
24.21,252.18,45.6,18.23
14.36,55.22,69.26,7.27
74.39,397.37,170.43,84.28
78.3,259.67,138.32,82.4
39.94,369.37,184.12,16.84
8.24,341.23,126.68,13.72
98.23,276.98,55.62,144.11
49.06,194.97,122.53,24.76
55.49,332.28,102.17,28.48
88.14,202.03,179.46,131.26
72.41,208.64,129.4,74.14
75.48,62.57,72.35,79.67
33.63,66.43,148.48,9.32
63.77,33.25,4.75,52.3
44.68,64.12,173.15,18.46
29.37,242.53,165.69,20.06
36.16,356.06,72.94,21.95
24.63,267.59,104.99,12.44
6.14,197.4,64.5,0.31
46.54,168.88,125.93,29.16
7.28,133.98,186.57,8.16
59.63,247.05,86.73,28.58
55.13,161.28,38.23,20.53
112.87,23.69,125.74,127.56
29.85,357.97,47.3,20.5
60.71,132.05,139.89,32.01
37.72,293.63,161.88,8.3
50.98,314.73,47.8,21.2
119.3,196.35,39.62,103.74
69.23,211.18,12.14,62.84
77.46,360.88,38.73,90.4
20.13,219.05,122.15,12.37
90.48,177.02,67.83,134.06
73.13,61.74,150.39,75.23
52.54,90.49,68.56,26.25
109.63,203.88,111.95,135.49
34.83,216.46,58.72,18.03
14.66,22.1,76.39,11.4
63.17,138.58,186,49.83
56.69,125.01,193.48,19.78
84.18,147.44,148.71,120.85
43,170.77,190.91,20.11
46.6,349.12,97.17,13.97
98.77,0.9,67.24,149.69
39.64,232.97,68.84,13.25
119.54,391.73,99.98,97.85
6.02,389.77,62.38,0.77
12.98,229.46,131.51,9.45
86.28,287.21,184.36,113.03
82.26,55.93,44.59,107.53
123.14,86.39,163.41,63.33
61.13,227.43,113.42,42.99
64.31,162.8,120.19,54.01
122.9,368.08,56.05,66.23
16.83,60.36,196.43,14.61
73.85,181.57,168.04,76.09
65.03,34.59,60.87,51.71
122.36,318.69,32.8,69.97
104.47,220.51,179.1,152.46
41.86,94.55,121.86,15.33
16.23,139.99,193.42,19.05
23.49,164.14,145.3,16.66
35.26,166.22,144.04,9.77
106.81,228.06,78.28,144.49
107.65,33.14,185.78,143.79
104.77,305.56,134.77,146.48
110.23,38.61,98.56,140.06
36.52,15.2,97.11,25.31
124.1,4.67,23.87,60.36
69.65,66.04,124.13,60.39
34.05,88.31,51.12,18.1
14.84,173.43,20.01,17.4
80.1,71.43,93.55,96.13
77.22,158.94,64.16,91.54
5.96,149.43,98.15,9.91
97.63,322.1,180,137.73
69.83,299.8,166.71,59.05
123.32,378.42,76.39,67.6
38.26,136.46,125.77,12.58
97.87,120.08,147.96,152.4
44.98,383.04,197.37,4.65
102.61,376.02,117.78,147.57
66.65,186.41,196.85,56
104.83,247.71,188.18,147.69
95.77,203.56,187.72,147.8
63.05,82.77,111.43,44.63
117.92,33.54,129.16,103.83
22.41,233.81,91.52,17.12
53.32,264.99,93.56,32.85
102.67,120.96,140.93,154.18
18.93,69.45,177.95,20.5
6.56,322.47,184.62,13.72
111.31,334.66,126.21,144.21
31.65,262.74,103.92,15.18
121.94,64.5,106.15,75.1
88.8,239.13,92.49,134.24
19.17,334.53,147.05,15.68
7.4,382.27,77.15,6.1
50.44,338.25,180.76,26.94
68.21,390.56,97.54,62.12
89.4,214.71,186.07,131.25
33.57,340.16,167.21,3.74
123.8,22.81,150.08,62.85
123.08,122.02,55.1,67.28
46.72,319.1,37.84,16.99
117.26,313.36,185.53,111.2
43.84,145.66,35.1,11.69
122.48,277.57,98.95,60.65
78.6,251.39,191.96,98.76
74.99,190.88,52.07,79.1
90.42,341.21,190.44,133.29
97.15,65.36,198.52,147.17
109.39,295.04,132.87,149.82
83.52,344.42,185.77,115.89
114.43,145.77,23.32,131.88
53.5,386.54,84.45,32.09
101.71,230.73,144.49,154.14
15.03,359.73,140.32,11.59
62.87,1.86,79.91,45.85
76.68,388.27,17.38,80.06
54.76,348.1,142.59,32.93
105.97,54.24,48.87,145.39
58.13,8.98,156.71,27.75
60.29,261.72,46.68,46.39
14.54,3.33,91.91,10.84
115.28,272.33,197.61,122.38
111.67,339.58,57.48,139.24
36.04,330.5,66.61,16.88
73.61,232.16,185.66,75.67
80.52,150.62,18.72,96.15
104.89,47.17,98.26,156.32
11.42,364.72,31.75,9.71
92.22,371.24,152.68,138.1
92.1,375.64,49.78,147.52
40.66,82.55,187.9,12.37
111.19,304.98,65.32,137.36
74.09,237.49,196.95,82.91
8.42,153.34,106.07,6.32
14.48,98.48,33.49,19.29
29.61,23.77,137.99,13.16
121.58,305.89,31.74,88.29
17.85,266.38,197.82,14.93
118.76,382.72,3.74,103.59
72.83,194.85,195,75.2
110.11,179.22,20.94,138.1
5.48,252.14,141.24,4.2
66.35,224.53,92.52,53.33
112.81,30.46,38.64,136.61
69.11,149.86,186.89,62.1
32.55,157.9,179.52,11.15
20.61,208.25,48.58,17.54
85.14,393.47,14.17,124.22
59.27,249.14,86.69,26.67
109.09,26.6,97.12,134.1
58.31,344.81,176.02,31.98
101.23,207.39,42.14,149.66
118.34,1.24,140.19,112.73
42.88,358.32,105.45,22.22
26.13,243.43,2.08,17.15
108.31,90.07,45.46,148.34
21.15,39.3,119.26,19.54
103.57,184.51,33.87,146.89
84.78,26.92,197.2,115.07
91.8,318.61,32.24,139.18
14.42,322.65,183.33,16.74
33.75,333.86,3.63,19.37
43.9,106.81,170.38,20.03
123.98,200.88,171.62,53.57
117.98,45.97,94,105.22
38.5,280.06,112.5,9.09
118.04,94.31,130.93,111.49
61.19,347.23,134.57,41.56
34.77,94.2,58.61,10.2
113.77,198.72,97.07,131.09
75.78,239.65,179.21,85.44
14.18,95.87,30.02,13.95
107.35,324.64,34.56,149.33
120.74,52.55,88.17,79.9
29.55,208.42,106.87,13.36
62.75,317.34,122.49,42.95
117.68,32.87,138.15,116.6
45.04,94.31,81.14,20.72
87.84,340.55,43.04,128.71
33.21,292.96,91.9,19.06
86.46,265.08,188.03,124.49
16.59,226.87,49.44,14.82
74.33,301.01,14.01,74.98
78.96,273.68,182.75,103.72
41.98,341.79,172.77,13.53
14,205.94,185.26,7.95
50.56,347.85,85.26,28.26
97.57,146.24,71.48,151.3
64.37,66.74,30.78,48.98
17.25,35.53,126.04,20.89
103.51,213.61,178.49,141.7
58.49,386.34,107.96,31.78
22.17,308.89,70.08,14.92
23.01,83.23,130.63,12.8
114.49,137.23,166.92,123.53
29.43,357.33,28.3,40.67
12.62,345.41,152.94,15.77
77.94,300.71,54.31,93.77
17.55,318.97,129.8,11.62
93.24,7.49,28.36,139.1
55.61,149.4,137.13,31.46
20.19,271.61,152.42,3.31
91.86,110.7,54.52,134.76
110.29,186.29,12.48,146.23
119.12,212.47,61.4,108
107.95,44.89,95.28,144.83
117.86,172.58,195.45,98.76
74.69,53.35,170.05,71.87
105.19,368.96,66.13,155.65
91.08,78.43,88.16,130.11
28.47,287.2,165.08,20.88
115.4,214.65,166.34,120.5
56.75,117.33,70.23,34.37
100.87,175.14,109.79,147.01
18.57,389.82,187.43,11.77
43.96,316.74,73.44,15.35
5.06,286.89,38.36,11.34
11.96,194.78,113.76,3.26
47.38,268.06,136.92,8.88
119.96,256.03,160.82,88.56
62.57,183.96,46.93,45.47
104.41,182.07,160.93,147.43
103.69,129.89,16.29,142.62
109.99,108.34,65.22,144.91
90.12,110.23,14.11,133.53
90.06,9.29,7.71,127.36
97.51,242.46,191.25,139.77
82.98,132.97,145.31,111.25
113.59,179.38,96.4,127.74
31.89,321.16,111.91,16.71
96.73,73.1,137.75,139.19
73.67,143.22,118.16,71.27
108.43,203.63,180.1,142.67
80.88,392.51,109.96,100.5
116.9,205.26,23.58,108.38
103.39,32.16,77.25,150.51
107.23,85.33,117.98,147.19
89.34,212.89,52.06,133.45
45.28,65.6,143.71,16.07
115.22,152.78,180.56,118.32
80.94,254.76,111.54,103.31
111.49,347.8,140.24,137.36
107.53,62.18,54.63,143.23
24.45,156.44,72.87,12.29
44.38,198.73,40.16,13.85
91.56,282.36,45.61,136.39
94.26,169.8,50.81,147.37
48.04,325.76,181.22,25.59
88.44,24.24,37.58,120.3
82.44,369.86,187.11,103.93
63.83,218.84,199.08,48.14
43.12,333.65,176.45,9.04
43.42,340.43,123.35,18.63
83.88,182.16,126.85,111.48
89.52,172.85,115.08,136.39
90,322.2,166.09,137.92
80.4,3.44,12.62,102.66
122.18,262.98,141.15,75.43
80.76,246.17,187.37,106.87
95.29,116.96,139.8,150.78
87.78,52.44,119.78,135.57
97.27,236.15,37.88,143.5
105.31,276.84,171.67,146.83
86.76,393.24,172.67,129.65
120.56,171.89,158.77,87.21
119.06,317.46,50.83,93.79
104.11,249.93,57.58,157.27
116,18.4,66.77,120.06
53.2,348.73,177.25,19.55
44.2,199.78,17.29,22.27
66.23,334.4,130.7,61.2
115.46,108.52,122.4,127.3
38.86,126.21,53.22,13.25
46.36,117.25,21.7,14.18
40.12,337.9,32.79,13
72.05,233.77,139.63,57.39
81.48,152.22,26.75,106.67
108.85,205.76,167.45,141.41
76.5,189.85,64.97,86.56
36.94,103.54,69.41,18.43
69.05,197.92,35.23,62
37.9,311.92,180.05,15.18
77.16,43.82,87.48,85.31
106.21,194.57,11.79,147.49
50.38,209.15,146.18,22.27
116.18,330.44,182.07,122.03
91.32,146.9,182.03,137.26
34.53,213.47,91.04,13.49
110.95,59.85,61.64,143.93
10.94,336.49,54.98,6.1
66.71,3.28,179.63,46.38
39.28,353.76,17.33,15.78
81.36,148.15,105.11,101.48
50.02,295.44,64.51,24.87
57.29,185.47,25.97,37.33
101.41,213.81,192.77,147.56
108.37,17.84,59.01,152.17
94.56,247.72,93.7,149.32
58.97,350.37,88.71,31.89
100.15,120.32,107.29,150.89
67.79,318.1,129.66,66.44
17.79,117.83,56.19,15.47
28.95,303.89,163.06,17.63
53.14,278.91,128.24,28.26
57.71,177.57,141.85,32
29.25,73.79,16.41,23.28
51.46,58.98,76.84,16.78
115.58,74.67,166.85,118.05
79.98,245.46,125.42,100.04
67.19,373.29,41.19,63.25
113.05,381.22,30.53,135.76
44.02,98.92,164.99,14.83
118.52,163.76,56.48,104.71
42.22,182.51,154.72,8.13
111.25,72.59,151.7,140.41
63.11,355.96,16.15,42.29
99.73,395.85,33.31,152.56
49,336.16,69.12,10.65
46.48,160.99,135.11,21.65
11.12,383.83,88.77,15.19
53.74,153.62,87.54,26.9
110.59,221.36,198.11,136.64
101.35,285.96,115.92,154.42
29.79,395.95,9.51,15.26
35.62,76.02,83.75,17.58
69.77,133.98,67.79,63.19
68.87,42.04,115.19,52.41
61.25,354.19,19.84,42.45
52.24,125.26,88.91,24.54
17.43,151.35,87.28,15.23
13.4,241.08,87.31,5.47
68.57,196.18,107.95,52.8
7.58,147.76,106.41,19.22
66.53,95.26,61.42,59.12
19.23,66.16,22.97,15.68
96.31,132.29,197.59,137.47
113.29,246.63,182.95,125.6
28.11,156.23,112.51,19.2
22.71,27.28,47.37,19.19
30.51,107.12,67.84,13.76
107.41,8.47,187.43,146.16
28.89,215.06,29.18,16.44
41.02,110.38,178.47,7.31
96.85,267.32,100.55,146.82
75.24,266.16,112,79.33
70.67,361.83,50.41,66.6
95.23,193.53,9.1,138.59
44.32,125.73,107.7,22.03
74.63,336.73,66.94,78.17
87.54,187.06,133.94,123.01
36.7,297.01,111.61,14.78
9.08,40.5,165.4,3.18
115.7,118.74,59.16,129.97
5.84,38.21,188.19,9.06
76.32,89.24,36.89,86.28
69.35,390.48,60.69,52.96
35.02,230.68,113.18,6.89
28.17,79.47,65.99,21.62
16.65,73.47,125.02,6
51.28,192.68,181.64,16.57
18.39,129.12,164.55,20.93
52.96,237.59,147.49,24.15
70.07,205.71,110.66,63.75
58.19,67.83,191.73,30.99
25.65,88.4,133.1,6.76
111.85,354.08,130.21,124.3
48.64,385.66,78.43,14.88
110.41,121.64,53.89,134.74
23.13,317.2,151.23,20.93
109.03,222.55,22.38,146.36
66.47,181.23,17.82,51.24
82.02,355.66,62.8,101.97
110.53,140.93,128.59,136.24
94.62,273.95,132.71,145.13
32.73,79.09,116.96,15.51
124.82,216.61,154.87,63.05
54.4,12.76,18.31,29.57
118.7,367.44,63.43,110.33
21.57,251.33,161.29,15.14
65.21,349.79,95.94,43.12
17.49,258.46,161.97,13.95
15.09,128.27,48.07,3.42
100.27,134.23,5.97,142.25
49.24,51.72,14.64,11.81
29.49,318.97,75.74,17.36
47.62,63.39,69.83,24.06
95.53,293.32,103.73,139.34
116.24,205.13,57.95,123.95
113.23,190.61,6.5,125.27
73.25,319.03,102.66,79.5
39.4,7.13,117.25,12.84
90.3,281.14,191.49,131.45
66.77,182.67,58.81,64.38
67.01,370.56,40.57,52.45
90.18,143.98,73.05,139.67
119.24,298.89,180.52,111.31
100.63,112.8,79.4,153.19
71.75,131.4,117.04,82.2
17.73,378.11,134.82,11.73
7.22,164.98,83.2,3.82
52,333.95,129.06,25.5
35.98,94.57,5.56,11.34
92.58,107.64,66.54,143.76
94.2,397.38,180.11,139.83
123.26,131.22,191.49,64.95
88.92,50.26,187.51,127.69
10.7,133.7,26.94,18.09
87.3,63.76,99.15,118.11
59.33,304.1,23.15,39.82
39.34,179.29,173.09,17.38
87.66,17.35,118.6,122.72
52.06,139.49,68.7,17.62
19.89,225.37,153.63,16.43
5.78,327.16,173.05,16.47
24.33,41.95,131.49,15.77
41.5,307.71,116.7,13.66
28.65,261.69,197.8,8.26
83.34,292.86,122.35,106.34
15.39,180.65,86.5,8.27
55.91,194.86,62.23,23.47
6.2,133.78,190.32,14.45
44.26,281.73,77.05,17.14
116.06,291.33,137.67,125.75
96.01,235.2,80.84,148.42
74.75,208.26,72.57,77.71
97.21,165.5,92.52,151.9
55.37,301.48,111.07,29.17
81.54,33.43,86.08,118.65
100.93,54.53,11.06,152.53
119.48,175.07,1.54,96.89
39.22,391.23,46.36,12.71
122.12,209.25,68.62,69.53
46.66,7.34,26.97,20.98
62.93,114.55,113.96,43.82
16.77,70.62,67.15,14.19
113.89,214.1,117.91,128.24
64.01,57.19,94.74,50.22
47.44,171.48,143.62,11.1
95.47,210.46,96.37,146.29
107.83,23.61,99.39,151.57
36.1,279.06,97.99,23
70.43,124.81,114.04,69.71
33.93,188.35,180.16,18.97
100.57,37.58,97.69,150.78
56.87,82.22,13.22,34.64
50.32,245.17,116.07,17.08
20.55,306.3,165.85,12.88
6.26,17.51,190.47,8.97
85.74,381.5,181.81,121.14
32.97,197.11,147.7,7.17
76.56,320.67,79.13,94.6
21.99,212.89,61.61,9.86
62.81,134.97,116.33,36.84
78.42,149.57,105.22,95.33
28.53,174.35,98.61,9.55
53.8,115.3,62.92,30.22
91.74,140.91,38.7,137.79
96.43,376.53,56.86,151.85
26.01,88.77,9.13,18.05
51.64,195.67,142.19,17.44
85.44,111.47,118.15,113.74
106.63,210.73,88.46,156.29
13.16,39.48,48.55,8.61
106.75,396.5,143,151.4
57.77,170.26,100.93,30.82
72.89,120.99,100.82,88.04
89.28,331.07,74.27,133.58
10.46,13.67,12.61,2.7
94.44,116.6,147.28,146.97
25.23,350,116.12,18.28
79.8,45.2,70.22,103.87
33.39,217.97,30.5,10.1
12.56,279.79,61.05,6.76
103.81,148.92,50.66,157.13
68.15,328.08,83.69,67.97
108.97,77.16,46.19,140.76
71.21,144.32,119.06,78.12
73.31,339.24,71.13,83.15
83.16,98.08,114.4,109.44
57.11,388.59,43.69,23.21
93.06,172.36,189.86,138.66
73.07,242.79,164.36,72.03
